id,company_id,year,sales,expenses,operating_profit,opm_percentage,other_income,interest,depreciation,profit_before_tax,tax_percentage,net_profit,eps,dividend_payout,net_margin,operating_margin,interest_burden
61,ABB,Dec 2012,1653,1451,202.0,12.0,33,0,19,215,33.0,145,68.0,25.0,8.771929824561402,12.220205686630369,0.0
62,ABB,Mar 2014,2276,2009,267.0,12.0,49,0,22,295,33.0,198,93.0,25.0,8.699472759226714,11.731107205623902,0.0
63,ABB,Mar 2015,2289,1977,312.0,14.0,48,0,15,344,34.0,229,108.0,29.0,10.004368719965049,13.630406290956751,0.0
64,ABB,Mar 2016,2614,2250,365.0,14.0,50,3,14,398,36.0,255,120.0,29.0,9.755164498852334,13.963274674827849,0.11476664116296864
65,ABB,Mar 2017,2903,2505,398.0,14.0,57,2,16,436,37.0,277,130.0,31.0,9.541853255253187,13.709955218739237,0.06889424733034792
66,ABB,Mar 2018,3298,2774,525.0,16.0,117,4,16,621,35.0,401,189.0,29.0,12.15888417222559,15.918738629472406,0.1212856276531231
67,ABB,Mar 2019,3679,3074,605.0,16.0,113,2,17,699,36.0,450,212.0,31.0,12.231584669747214,16.444686055993476,0.05436259853220984
68,ABB,Mar 2020,4093,3336,757.0,18.0,114,9,60,803,26.0,593,279.0,90.0,14.488150500855118,18.49499144881505,0.21988761299780113
69,ABB,Mar 2021,4310,3388,922.0,21.0,81,18,58,926,25.0,691,325.0,85.0,16.03248259860789,21.392111368909514,0.41763341067285387
70,ABB,Mar 2022,4913,3832,1082.0,22.0,83,19,66,1080,26.0,799,376.0,73.0,16.26297577854671,22.023203745165887,0.3867290860981071
71,ABB,Mar 2023,5349,4143,1206.0,23.0,154,16,70,1274,25.0,949,447.0,73.0,17.74163395027108,22.546270330902974,0.29912133108992334
72,ABB,Mar 2024,5849,4396,1453.0,25.0,248,12,71,1618,26.0,1201,565.0,73.0,20.533424517011454,24.84185330825782,0.20516327577363652
73,ABB,TTM,6066,4519,1547.0,26.0,265,11,72,1728,,1285,605.0,,21.183646554566433,25.502802505769868,0.1813386086383119
86,ADANIENSOL,Mar 2014,0,0,0.0,,0,0,0,0,0.0,0,0.0,,,,
87,ADANIENSOL,Mar 2015,131,29,101.0,78.0,3,73,37,-5,34.0,-7,0.0,0.0,-5.343511450381679,77.09923664122137,55.72519083969466
88,ADANIENSOL,Mar 2016,2194,267,1927.0,88.0,70,957,560,480,23.0,368,3.0,0.0,16.773017319963536,87.83044667274385,43.618960802187786
89,ADANIENSOL,Mar 2017,2876,893,1983.0,69.0,22,904,569,532,22.0,416,4.0,0.0,14.464534075104313,68.94993045897078,31.432545201668983
90,ADANIENSOL,Mar 2018,3944,1118,2826.0,72.0,111,886,579,1472,22.0,1143,10.0,0.0,28.98073022312373,71.65314401622717,22.46450304259635
91,ADANIENSOL,Mar 2019,7305,4528,2778.0,38.0,336,1391,882,840,33.0,559,5.0,0.0,7.652292950034223,38.02874743326489,19.041752224503764
92,ADANIENSOL,Mar 2020,11416,7158,4258.0,37.0,261,2238,1174,1107,36.0,706,7.0,0.0,6.184302733006307,37.29852838121934,19.604064470918008
93,ADANIENSOL,Mar 2021,9926,5976,3950.0,40.0,1115,2117,1329,1620,20.0,1290,11.0,0.0,12.996171670360667,39.79447914567802,21.327825911746928
94,ADANIENSOL,Mar 2022,11258,7051,4206.0,37.0,1286,2365,1427,1700,27.0,1236,11.0,0.0,10.978859477704743,37.360099484810796,21.00728370936223
95,ADANIENSOL,Mar 2023,13293,8775,4518.0,34.0,1583,2781,1608,1712,25.0,1281,11.0,0.0,9.636650868878357,33.98781313473256,20.92078537576168
96,ADANIENSOL,Mar 2024,16607,10896,5711.0,30.0,611,2767,1776,1780,33.0,1196,10.0,0.0,7.201782380923707,34.38911302462817,16.66164870235443
97,ADANIENSOL,TTM,22099,15507,6592.0,,-844,3183,1912,653,,589,6.0,,2.665278971899181,29.829404045431918,14.40336666817503
98,ADANIENT,Mar 2013,46375,40354,6021.0,13.0,1775,3492,2298,2005,39.0,1218,15.0,10.0,2.6264150943396225,12.983288409703503,7.529919137466306
99,ADANIENT,Mar 2014,54947,45564,9383.0,17.0,1157,5703,3223,1614,-64.0,2646,20.0,7.0,4.815549529546654,17.07645549347553,10.379092580122663
100,ADANIENT,Mar 2015,64465,52015,12450.0,19.0,792,7056,3522,2663,14.0,2298,18.0,8.0,3.564725044597844,19.312805398278137,10.945474288373536
101,ADANIENT,Mar 2016,34008,32325,1684.0,5.0,1044,1357,314,1056,7.0,1000,9.0,4.0,2.9404845918607387,4.951776052693484,3.9902375911550223
102,ADANIENT,Mar 2017,36533,34631,1902.0,5.0,749,1257,315,1079,25.0,925,9.0,4.0,2.5319574083705145,5.206251881860236,3.4407248241316073
103,ADANIENT,Mar 2018,35924,33886,2038.0,6.0,363,1250,664,487,23.0,594,7.0,6.0,1.653490702594366,5.673087629439929,3.479567976839996
104,ADANIENT,Mar 2019,40379,38409,1969.0,5.0,504,1625,390,459,32.0,506,7.0,6.0,1.2531266252259838,4.876297085118502,4.024369102751431
105,ADANIENT,Mar 2020,43403,41108,2294.0,5.0,872,1572,472,1122,29.0,1040,10.0,10.0,2.3961477317236133,5.285348939013432,3.621869456028385
106,ADANIENT,Mar 2021,39537,37031,2506.0,6.0,494,1377,537,1086,31.0,1046,8.0,12.0,2.645623087234742,6.338366593317652,3.48281356703847
107,ADANIENT,Mar 2022,69420,65707,3714.0,5.0,1012,2526,1248,952,50.0,788,7.0,14.0,1.135119562085854,5.3500432152117545,3.638720829732066
108,ADANIENT,Mar 2023,127540,118722,8818.0,7.0,834,3969,2436,3247,32.0,2422,22.0,6.0,1.899012074643249,6.913909361768857,3.111964873765093
109,ADANIENT,Mar 2024,96421,85044,11377.0,12.0,1146,4555,3042,4926,33.0,3335,28.0,5.0,3.458790097592848,11.799296833677312,4.724074631045104
110,ADANIENT,TTM,102311,88418,13893.0,14.0,1489,4150,3541,7691,,6086,49.0,,5.948529483633235,13.579185033867326,4.056259835208335
111,ADANIGREEN,Mar 2017,502,98,403.0,80.0,80,334,333,-184,-75.0,-47,0.0,0.0,-9.362549800796813,80.2788844621514,66.53386454183267
112,ADANIGREEN,Mar 2018,1480,637,843.0,57.0,42,552,543,-210,-35.0,-138,-1.0,0.0,-9.324324324324325,56.95945945945946,37.2972972972973
113,ADANIGREEN,Mar 2019,2058,532,1526.0,74.0,73,1121,1062,-585,-19.0,-475,-3.0,0.0,-23.080660835762874,74.14965986394559,54.47035957240038
114,ADANIGREEN,Mar 2020,2549,1098,1450.0,57.0,-111,995,394,-50,23.0,-68,0.0,0.0,-2.6677128285602194,56.88505296194586,39.03491565319733
115,ADANIGREEN,Mar 2021,3124,883,2241.0,72.0,391,1953,486,193,6.0,182,1.0,0.0,5.8258642765685025,71.73495518565942,62.516005121638926
116,ADANIGREEN,Mar 2022,5133,1621,3512.0,68.0,507,2617,849,553,12.0,489,3.0,0.0,9.526592635885448,68.42002727449834,50.98383011883889
117,ADANIGREEN,Mar 2023,7776,2806,4970.0,64.0,667,2911,1300,1426,32.0,973,6.0,0.0,12.512860082304528,63.91460905349794,37.43569958847737
118,ADANIGREEN,Mar 2024,9220,1902,7318.0,79.0,1262,5006,1903,1671,25.0,1260,7.0,0.0,13.665943600867678,79.3709327548807,54.29501084598698
119,ADANIGREEN,TTM,10782,2682,8100.0,75.0,891,4959,2323,1709,,1928,9.0,0.0,17.881654609534408,75.12520868113522,45.99332220367279
120,ADANIPORTS,Mar 2013,3577,1195,2382.0,67.0,344,542,422,1762,7.0,1639,8.0,12.0,45.820519988817445,66.59211629857423,15.152362314788927
121,ADANIPORTS,Mar 2014,4830,1910,2919.0,60.0,685,977,649,1978,12.0,1741,8.0,12.0,36.04554865424431,60.43478260869565,20.22774327122153
122,ADANIPORTS,Mar 2015,6152,2250,3902.0,63.0,686,1175,912,2501,7.0,2324,11.0,10.0,37.77633289986996,63.42652795838751,19.099479843953183
123,ADANIPORTS,Mar 2016,7109,2532,4577.0,64.0,730,1124,1063,3119,9.0,2856,14.0,8.0,40.17442678295119,64.38317625545083,15.810943873962582
124,ADANIPORTS,Mar 2017,8439,3021,5418.0,64.0,1037,1116,1160,4179,7.0,3902,19.0,7.0,46.23770588932338,64.20191965872733,13.224315677212939
125,ADANIPORTS,Mar 2018,11323,4166,7157.0,63.0,844,1579,1188,5234,30.0,3690,18.0,11.0,32.588536606906295,63.20763048662016,13.945067561600283
126,ADANIPORTS,Mar 2019,10925,4330,6596.0,60.0,1289,1385,1373,5126,21.0,4045,19.0,1.0,37.02517162471396,60.37528604118994,12.677345537757438
127,ADANIPORTS,Mar 2020,11873,5926,5947.0,50.0,1928,1951,1680,4244,11.0,3785,19.0,17.0,31.8790533142424,50.08843594710688,16.43224121957382
128,ADANIPORTS,Mar 2021,12550,3862,8688.0,69.0,1967,2255,2107,6292,20.0,5049,25.0,20.0,40.23107569721115,69.22709163346613,17.96812749003984
129,ADANIPORTS,Mar 2022,17119,7591,9528.0,56.0,1832,2544,3099,5717,13.0,4953,23.0,22.0,28.93276476429698,55.65745662713943,14.860681114551083
130,ADANIPORTS,Mar 2023,20852,9905,10947.0,52.0,327,2363,3425,5487,2.0,5391,25.0,20.0,25.85363514291195,52.498561289084975,11.332246307308653
131,ADANIPORTS,Mar 2024,26711,11121,15589.0,58.0,671,2733,3888,9639,16.0,8104,38.0,16.0,30.339560480700833,58.36172363445772,10.231739732694397
132,ADANIPORTS,TTM,28443,11278,17165.0,60.0,1039,2591,4053,11560,,9743,45.0,,34.25447386000071,60.348767710860315,9.109446964103645
133,ADANIPORTS,Mar 2013,3577,1195,2382.0,67.0,344,542,422,1762,7.0,1639,8.0,12.0,45.820519988817445,66.59211629857423,15.152362314788927
134,ADANIPORTS,Mar 2014,4830,1910,2919.0,60.0,685,977,649,1978,12.0,1741,8.0,12.0,36.04554865424431,60.43478260869565,20.22774327122153
135,ADANIPORTS,Mar 2015,6152,2250,3902.0,63.0,686,1175,912,2501,7.0,2324,11.0,10.0,37.77633289986996,63.42652795838751,19.099479843953183
136,ADANIPORTS,Mar 2016,7109,2532,4577.0,64.0,730,1124,1063,3119,9.0,2856,14.0,8.0,40.17442678295119,64.38317625545083,15.810943873962582
137,ADANIPORTS,Mar 2017,8439,3021,5418.0,64.0,1037,1116,1160,4179,7.0,3902,19.0,7.0,46.23770588932338,64.20191965872733,13.224315677212939
138,ADANIPORTS,Mar 2018,11323,4166,7157.0,63.0,844,1579,1188,5234,30.0,3690,18.0,11.0,32.588536606906295,63.20763048662016,13.945067561600283
139,ADANIPORTS,Mar 2019,10925,4330,6596.0,60.0,1289,1385,1373,5126,21.0,4045,19.0,1.0,37.02517162471396,60.37528604118994,12.677345537757438
140,ADANIPORTS,Mar 2020,11873,5926,5947.0,50.0,1928,1951,1680,4244,11.0,3785,19.0,17.0,31.8790533142424,50.08843594710688,16.43224121957382
141,ADANIPORTS,Mar 2021,12550,3862,8688.0,69.0,1967,2255,2107,6292,20.0,5049,25.0,20.0,40.23107569721115,69.22709163346613,17.96812749003984
142,ADANIPORTS,Mar 2022,17119,7591,9528.0,56.0,1832,2544,3099,5717,13.0,4953,23.0,22.0,28.93276476429698,55.65745662713943,14.860681114551083
143,ADANIPORTS,Mar 2023,20852,9905,10947.0,52.0,327,2363,3425,5487,2.0,5391,25.0,20.0,25.85363514291195,52.498561289084975,11.332246307308653
144,ADANIPORTS,Mar 2024,26711,11121,15589.0,58.0,671,2733,3888,9639,16.0,8104,38.0,16.0,30.339560480700833,58.36172363445772,10.231739732694397
145,ADANIPORTS,TTM,28443,11278,17165.0,60.0,1039,2591,4053,11560,,9743,45.0,,34.25447386000071,60.348767710860315,9.109446964103645
146,ADANIPOWER,Mar 2013,6692,5732,960.0,14.0,215,1703,1290,-1818,26.0,-2295,-10.0,0.0,-34.294680215182304,14.34548714883443,25.44829647340108
147,ADANIPOWER,Mar 2014,15328,10735,4593.0,30.0,137,4162,1937,-1370,-79.0,-291,-1.0,0.0,-1.8984864300626305,29.964770354906058,27.152922755741127
148,ADANIPOWER,Mar 2015,18683,14005,4678.0,25.0,1188,4864,1818,-816,0.0,-816,-3.0,0.0,-4.367606915377617,25.03880533104962,26.03436278970187
149,ADANIPOWER,Mar 2016,25377,16575,8802.0,35.0,-201,5560,2666,375,-47.0,551,2.0,0.0,2.171257437837412,34.6849509398274,21.9096031839855
150,ADANIPOWER,Mar 2017,22616,16635,5980.0,26.0,-3666,5902,2672,-6260,-1.0,-6174,-16.0,0.0,-27.299257163070394,26.44145737530951,26.096568800848956
151,ADANIPOWER,Mar 2018,20304,14868,5436.0,27.0,754,5570,2699,-2079,0.0,-2103,-5.0,0.0,-10.35756501182033,26.773049645390074,27.433018124507484
152,ADANIPOWER,Mar 2019,23884,18901,4983.0,21.0,2448,5657,2751,-976,1.0,-984,-3.0,0.0,-4.119912912409982,20.86333947412494,23.685312342991125
153,ADANIPOWER,Mar 2020,26468,20734,5734.0,22.0,323,5315,3006,-2265,0.0,-2275,-6.0,0.0,-8.595284872298626,21.66389602538915,20.080852350007554
154,ADANIPOWER,Mar 2021,26221,17533,8688.0,33.0,1909,5106,3202,2289,45.0,1270,3.0,0.0,4.84344609282636,33.13374775942947,19.47294153541055
155,ADANIPOWER,Mar 2022,27711,17830,9881.0,36.0,3908,4095,3118,6577,25.0,4912,13.0,0.0,17.725812854101257,35.6573201977554,14.777525170509906
156,ADANIPOWER,Mar 2023,38773,28677,10096.0,26.0,4216,3334,3304,7675,-40.0,10727,28.0,0.0,27.666159440848016,26.038738297268715,8.598767183349237
157,ADANIPOWER,Mar 2024,50351,32124,18228.0,36.0,9883,3388,3931,20792,0.0,20829,54.0,0.0,41.36759945184802,36.20186292228556,6.72876407618518
158,ADANIPOWER,TTM,54650,33685,20965.0,38.0,2124,3235,4046,15808,,12686,33.0,,23.213174748398902,38.36230558096981,5.919487648673376
159,AMBUJACEM,Dec 2012,9749,7276,2473.0,25.0,69,78,569,1896,32.0,1292,8.0,43.0,13.252641296543235,25.36670427736178,0.8000820596984306
160,AMBUJACEM,Dec 2013,9161,7492,1669.0,18.0,390,67,494,1498,15.0,1278,8.0,44.0,13.950442091474729,18.218535094422005,0.7313612051086127
161,AMBUJACEM,Dec 2014,9955,8022,1934.0,19.0,419,66,513,1774,16.0,1487,10.0,46.0,14.937217478653944,19.427423405323957,0.6629834254143646
162,AMBUJACEM,Dec 2015,9437,7895,1542.0,16.0,353,92,630,1173,31.0,808,5.0,54.0,8.562043022146868,16.33993853979019,0.9748860866800889
163,AMBUJACEM,Dec 2016,20094,16913,3181.0,16.0,441,153,1461,2008,29.0,1434,6.0,50.0,7.136458644371454,15.830596197870012,0.7614213197969544
164,AMBUJACEM,Dec 2017,23609,19751,3858.0,16.0,335,206,1219,2768,30.0,1945,8.0,47.0,8.238383667245541,16.34122580371892,0.8725486043458004
165,AMBUJACEM,Dec 2018,26041,22030,4011.0,15.0,232,170,1154,2919,-2.0,2973,11.0,14.0,11.416612265273992,15.402634307438271,0.65281671210783
166,AMBUJACEM,Dec 2019,27104,22507,4597.0,17.0,601,170,1153,3875,28.0,2783,11.0,14.0,10.267857142857142,16.960596221959857,0.6272136953955135
167,AMBUJACEM,Dec 2020,24516,19511,5006.0,20.0,288,140,1162,3992,22.0,3107,12.0,151.0,12.673356175558819,20.41931799641051,0.5710556371349323
168,AMBUJACEM,Dec 2021,28965,22755,6210.0,21.0,252,146,1152,5164,28.0,3711,14.0,45.0,12.812014500258934,21.439668565510097,0.5040566200586915
169,AMBUJACEM,Mar 2023 15,38937,33815,5122.0,13.0,447,195,1645,3729,19.0,3024,13.0,19.0,7.766391863779952,13.154583044405063,0.500808999152477
170,AMBUJACEM,Mar 2024,33160,26760,6400.0,19.0,1401,276,1623,5901,20.0,4738,16.0,12.0,14.288299155609169,19.300361881785282,0.8323281061519904
171,AMBUJACEM,TTM,32850,27028,5822.0,18.0,1230,298,1899,4856,,3871,13.0,,11.78386605783866,17.72298325722983,0.9071537290715372
172,APOLLOHOSP,Mar 2013,3769,3157,612.0,16.0,33,103,142,399,26.0,303,22.0,25.0,8.039267710267975,16.23772884054126,2.732820376757761
173,APOLLOHOSP,Mar 2014,4357,3681,676.0,16.0,18,119,168,407,25.0,315,23.0,25.0,7.229745237548772,15.515262795501492,2.731237089740647
174,APOLLOHOSP,Mar 2015,5129,4392,737.0,14.0,47,118,212,455,29.0,335,24.0,24.0,6.531487619418989,14.369272762721778,2.3006434002729574
175,APOLLOHOSP,Mar 2016,6150,5465,684.0,11.0,92,180,264,332,29.0,235,17.0,35.0,3.8211382113821135,11.121951219512196,2.9268292682926833
176,APOLLOHOSP,Mar 2017,7256,6522,734.0,10.0,60,257,314,222,41.0,131,16.0,38.0,1.8054024255788312,10.115766262403527,3.541896361631753
177,APOLLOHOSP,Mar 2018,8243,7442,801.0,10.0,24,295,359,171,65.0,60,8.0,59.0,0.7278903311901006,9.717335921387845,3.5787941283513285
178,APOLLOHOSP,Mar 2019,9617,8548,1070.0,11.0,26,327,396,373,47.0,200,17.0,35.0,2.0796506186960593,11.126130810023916,3.400228761568057
179,APOLLOHOSP,Mar 2020,11247,9656,1591.0,14.0,222,533,620,660,34.0,432,33.0,18.0,3.841024273139504,14.145994487418868,4.739041522183694
180,APOLLOHOSP,Mar 2021,10560,9420,1140.0,11.0,103,449,573,221,38.0,137,10.0,29.0,1.2973484848484849,10.795454545454545,4.2518939393939394
181,APOLLOHOSP,Mar 2022,14663,12474,2189.0,15.0,368,379,601,1578,30.0,1108,73.0,16.0,7.556434563186251,14.928732183045762,2.58473709336425
182,APOLLOHOSP,Mar 2023,16612,14548,2065.0,12.0,75,381,615,1144,22.0,844,57.0,26.0,5.080664579821816,12.430772935227546,2.2935227546352035
183,APOLLOHOSP,Mar 2024,19059,16665,2394.0,13.0,105,449,687,1362,33.0,935,63.0,26.0,4.905818773282963,12.56099480560365,2.355842384175455
184,APOLLOHOSP,TTM,20469,17725,2745.0,13.0,158,466,719,1719,,1224,82.0,,5.979774292833065,13.410523230250623,2.276613415408667
185,ASIANPAINT,Mar 2013,10504,8767,1737.0,17.0,114,42,155,1655,30.0,1160,12.0,40.0,11.043412033511043,16.536557501904035,0.39984767707539987
186,ASIANPAINT,Mar 2014,12220,10217,2004.0,16.0,124,48,246,1834,31.0,1263,13.0,42.0,10.335515548281506,16.399345335515548,0.39279869067103107
187,ASIANPAINT,Mar 2015,13615,11372,2243.0,16.0,142,42,266,2077,31.0,1427,15.0,42.0,10.481087036356959,16.47447668013221,0.30848329048843187
188,ASIANPAINT,Mar 2016,14271,11546,2725.0,19.0,213,49,276,2614,32.0,1803,18.0,41.0,12.634013033424427,19.09466750753276,0.3433536542638918
189,ASIANPAINT,Mar 2017,15062,12068,2994.0,20.0,338,37,335,2960,32.0,2016,20.0,51.0,13.384676669764971,19.87783826849024,0.24565130792723408
190,ASIANPAINT,Mar 2018,16825,13621,3204.0,19.0,336,41,360,3138,33.0,2098,21.0,41.0,12.469539375928678,19.043090638930163,0.24368499257057952
191,ASIANPAINT,Mar 2019,19240,15475,3765.0,20.0,274,110,622,3306,33.0,2208,22.0,47.0,11.476091476091476,19.56860706860707,0.5717255717255718
192,ASIANPAINT,Mar 2020,20211,16054,4157.0,21.0,355,102,780,3629,24.0,2774,28.0,43.0,13.725199148978279,20.568007520657066,0.5046756716639453
193,ASIANPAINT,Mar 2021,21713,16857,4856.0,22.0,332,92,791,4304,26.0,3207,33.0,55.0,14.769953484087875,22.36448210749321,0.4237092985768894
194,ASIANPAINT,Mar 2022,29101,24298,4804.0,17.0,296,95,816,4188,26.0,3085,32.0,61.0,10.60101027456101,16.50802377925157,0.32644926291192744
195,ASIANPAINT,Mar 2023,34489,28229,6260.0,18.0,431,144,858,5689,26.0,4195,43.0,60.0,12.163298442981821,18.150714720635566,0.4175244280785178
196,ASIANPAINT,Mar 2024,35495,27910,7585.0,21.0,821,205,853,7348,24.0,5558,57.0,58.0,15.658543456824905,21.3692069305536,0.5775461332582054
197,ASIANPAINT,TTM,34831,28150,6681.0,19.0,616,227,916,6155,,4631,48.0,,13.295627458298643,19.181189170566448,0.6517182969194109
198,ATGL,Mar 2018,1374,1008,366.0,27.0,80,125,61,259,36.0,162,6.0,0.0,11.790393013100436,26.637554585152838,9.097525473071325
199,ATGL,Mar 2019,1719,1264,455.0,26.0,59,90,67,357,36.0,229,2.0,12.0,13.321698662012798,26.46887725421757,5.2356020942408374
200,ATGL,Mar 2020,1875,1280,595.0,32.0,44,41,51,547,20.0,436,4.0,6.0,23.253333333333334,31.733333333333334,2.1866666666666665
201,ATGL,Mar 2021,1696,991,704.0,42.0,30,40,63,631,25.0,463,4.0,6.0,27.299528301886795,41.509433962264154,2.358490566037736
202,ATGL,Mar 2022,3038,2265,773.0,25.0,46,53,83,684,26.0,509,5.0,5.0,16.754443712969056,25.44437129690586,1.7445687952600395
203,ATGL,Mar 2023,4378,3508,870.0,20.0,54,78,113,733,25.0,546,5.0,5.0,12.47144814984011,19.872087711283694,1.7816354499771585
204,ATGL,Mar 2024,4475,3371,1104.0,25.0,62,111,158,896,26.0,668,6.0,4.0,14.927374301675977,24.670391061452516,2.4804469273743015
205,ATGL,TTM,4826,3672,1153.0,24.0,52,106,199,900,,668,6.0,,13.841690841276419,23.891421467053462,2.1964359718193123
206,BAJAJ-AUTO,Mar 2013,20025,16370,3656.0,18.0,790,1,168,4277,29.0,3133,108.0,42.0,15.645443196004994,18.257178526841447,0.004993757802746567
207,BAJAJ-AUTO,Mar 2014,20137,15974,4163.0,21.0,674,1,181,4655,31.0,3380,117.0,43.0,16.785022595222724,20.673387297015445,0.004965983016338084
208,BAJAJ-AUTO,Mar 2015,21595,17467,4128.0,19.0,228,6,267,4083,31.0,3026,105.0,48.0,14.012502894188469,19.115536003704563,0.02778420930771012
209,BAJAJ-AUTO,Mar 2016,22574,17781,4793.0,21.0,1194,1,307,5679,28.0,4061,140.0,39.0,17.989722689820148,21.23239124656685,0.004429875077522814
210,BAJAJ-AUTO,Mar 2017,21755,17326,4429.0,20.0,1468,1,307,5588,27.0,4079,141.0,39.0,18.7497127097219,20.358538267065043,0.004596644449551828
211,BAJAJ-AUTO,Mar 2018,25210,20364,4846.0,19.0,1404,1,315,5933,29.0,4219,146.0,41.0,16.735422451408173,19.22253074176914,0.003966679888932963
212,BAJAJ-AUTO,Mar 2019,30358,25160,5198.0,17.0,2028,4,266,6956,29.0,4928,170.0,35.0,16.2329534224916,17.12234007510376,0.013176098557217207
213,BAJAJ-AUTO,Mar 2020,29919,24809,5109.0,17.0,1832,3,246,6692,22.0,5212,180.0,67.0,17.42036832781844,17.076105484808984,0.010027073097362879
214,BAJAJ-AUTO,Mar 2021,27741,22803,4938.0,18.0,1570,7,259,6241,22.0,4857,168.0,83.0,17.508381096571863,17.800367686817346,0.025233409033560434
215,BAJAJ-AUTO,Mar 2022,33145,27886,5259.0,16.0,2671,9,270,7652,19.0,6166,213.0,66.0,18.60310755770101,15.866646553024587,0.02715341680494796
216,BAJAJ-AUTO,Mar 2023,36455,29991,6465.0,18.0,1703,40,286,7842,23.0,6060,214.0,65.0,16.62323412426279,17.734192840488273,0.10972431765189959
217,BAJAJ-AUTO,Mar 2024,44870,36106,8765.0,20.0,1700,60,365,10040,23.0,7708,276.0,29.0,17.178515712057056,19.534209939826162,0.1337196344996657
218,BAJAJ-AUTO,TTM,48900,39757,9143.0,19.0,1535,164,379,10135,,7371,263.0,,15.073619631901842,18.697341513292436,0.33537832310838445
219,AXISBANK,Mar 2013,27183,17516,8313.0,1353.0,5,6551,352,7553,31.0,5179,22.0,16.0,19.05234889452967,30.58161350844278,24.099621086708606
220,AXISBANK,Mar 2014,30641,18690,9644.0,2307.0,8,7405,364,9349,33.0,6218,26.0,15.0,20.293071374955126,31.474168597630626,24.166965830096927
221,AXISBANK,Mar 2015,35479,21254,11127.0,3097.0,9,8365,406,11057,33.0,7358,31.0,15.0,20.739028721215366,31.36221426759492,23.577327433129458
222,AXISBANK,Mar 2016,40988,24155,13367.0,3466.0,8,9371,444,12394,34.0,8224,35.0,14.0,20.064409095344978,32.611983995315704,22.862789109007515
223,AXISBANK,Mar 2017,44542,26449,23808.0,-5715.0,-13,11691,509,5468,33.0,3679,15.0,33.0,8.259620133806294,53.450675766692115,26.247137533114813
224,AXISBANK,Mar 2018,45780,27163,28895.0,-10277.0,-22,10967,568,122,-99.0,276,1.0,0.0,0.6028833551769331,63.11708169506335,23.95587592835299
225,AXISBANK,Mar 2019,54986,33278,27155.0,-5447.0,-10,13130,710,6974,33.0,4677,18.0,6.0,8.505801476739535,49.385298075873855,23.878805514130867
226,AXISBANK,Mar 2020,62635,37429,35066.0,-9859.0,-16,15537,773,4904,67.0,1627,6.0,0.0,2.5975892073122058,55.984673106090845,24.805619861100023
227,AXISBANK,Mar 2021,63346,34107,31749.0,-2510.0,-4,12264,948,8806,25.0,6588,22.0,0.0,10.400025258106274,50.119976004799035,19.360338458624067
228,AXISBANK,Mar 2022,67377,34245,29962.0,3170.0,5,15221,1008,17383,25.0,13025,42.0,2.0,19.33152262641554,44.4691808777476,22.59079507843923
229,AXISBANK,Mar 2023,85164,42218,29089.0,13857.0,16,16143,13094,16906,43.0,9580,31.0,3.0,11.248884505189986,34.15645108261707,18.95519233478935
230,AXISBANK,Mar 2024,109369,59474,37943.0,11952.0,11,22442,1334,33060,25.0,24861,81.0,1.0,22.73130411725443,34.69264599658038,20.519525642549535
231,AXISBANK,TTM,120659,67033,44566.0,9061.0,8,25243,0,34304,,26386,85.0,,21.86824024730853,36.935495901673306,20.92094249082124
232,BAJAJFINSV,Mar 2013,8055,4124,3931.0,49.0,2,1204,22,2708,18.0,2214,10.0,2.0,27.48603351955307,48.80198634388579,14.947237740533831
233,BAJAJFINSV,Mar 2014,6023,1531,4491.0,75.0,3,1562,31,2902,24.0,2191,10.0,2.0,36.37722065415906,74.5641706790636,25.933919973435167
234,BAJAJFINSV,Mar 2015,11335,5823,5511.0,49.0,8,2230,38,3251,26.0,2409,11.0,2.0,21.25275694750772,48.619320688134096,19.673577415086015
235,BAJAJFINSV,Mar 2016,20533,13795,6739.0,33.0,0,2877,58,3804,27.0,2775,12.0,1.0,13.514829786197827,32.82033799249987,14.011591097258073
236,BAJAJFINSV,Mar 2017,24507,15794,8713.0,36.0,0,3716,73,4925,30.0,3450,14.0,1.0,14.077610478638755,35.553107275472314,15.16301464887583
237,BAJAJFINSV,Mar 2018,32862,22074,10788.0,33.0,1,4531,160,6099,32.0,4176,17.0,1.0,12.707686689793682,32.82819061530034,13.787961779563021
238,BAJAJFINSV,Mar 2019,42605,27569,15037.0,35.0,2,6657,226,8155,34.0,5374,20.0,1.0,12.61354301138364,35.29397957986152,15.624926651801433
239,BAJAJFINSV,Mar 2020,54351,36094,18258.0,34.0,0,9500,457,8302,28.0,5994,21.0,2.0,11.028315946348734,33.59275818292212,17.478979227613106
240,BAJAJFINSV,Mar 2021,60592,40950,19641.0,32.0,-7,9274,498,9862,25.0,7367,28.0,1.0,12.158370742012146,32.415170319514125,15.305650911011353
241,BAJAJFINSV,Mar 2022,68406,46951,21455.0,31.0,8,9629,563,11271,26.0,8314,29.0,1.0,12.153904628248984,31.364207818027655,14.076250621290532
242,BAJAJFINSV,Mar 2023,82072,52204,29868.0,36.0,1,12380,678,16811,27.0,12210,40.0,2.0,14.877181011794521,36.39243590993274,15.084316210156937
243,BAJAJFINSV,Mar 2024,110382,69497,40886.0,37.0,-4,18607,900,21375,27.0,15595,51.0,2.0,14.128209309488865,37.04045949520755,16.856915076733525
244,BAJAJFINSV,TTM,126263,80784,45479.0,36.0,12,21568,1031,22892,,16520,53.0,,13.083801271948234,36.01926138298631,17.081805437855905
245,BAJAJHLDNG,Mar 2013,337,15,322.0,95.0,3,0,2,322,21.0,1856,167.0,15.0,550.7418397626113,95.54896142433235,0.0
246,BAJAJHLDNG,Mar 2014,423,23,400.0,94.0,5,0,5,400,20.0,1988,179.0,17.0,469.97635933806146,94.56264775413712,0.0
247,BAJAJHLDNG,Mar 2015,524,40,484.0,92.0,35,0,6,513,19.0,2029,182.0,19.0,387.2137404580153,92.36641221374046,0.0
248,BAJAJHLDNG,Mar 2016,470,42,429.0,91.0,7,0,5,430,21.0,2265,204.0,16.0,481.9148936170213,91.27659574468086,0.0
249,BAJAJHLDNG,Mar 2017,842,215,628.0,75.0,8,0,5,630,21.0,2473,222.0,15.0,293.70546318289786,74.58432304038006,0.0
250,BAJAJHLDNG,Mar 2018,420,65,355.0,85.0,2390,0,5,2739,3.0,2655,239.0,17.0,632.1428571428571,84.52380952380952,0.0
251,BAJAJHLDNG,Mar 2019,431,85,347.0,80.0,2827,0,4,3170,4.0,3048,274.0,12.0,707.1925754060325,80.51044083526682,0.0
252,BAJAJHLDNG,Mar 2020,435,134,301.0,69.0,3058,13,33,3314,7.0,3080,269.0,15.0,708.0459770114943,69.19540229885057,2.9885057471264367
253,BAJAJHLDNG,Mar 2021,457,106,352.0,77.0,3451,4,34,3766,3.0,3654,328.0,12.0,799.562363238512,77.02407002188184,0.87527352297593
254,BAJAJHLDNG,Mar 2022,484,117,367.0,76.0,3896,3,34,4226,2.0,4126,364.0,32.0,852.4793388429752,75.82644628099173,0.6198347107438017
255,BAJAJHLDNG,Mar 2023,522,142,380.0,73.0,4673,7,34,5012,1.0,4946,436.0,28.0,947.5095785440614,72.79693486590038,1.3409961685823755
256,BAJAJHLDNG,Mar 2024,1702,140,1562.0,92.0,5967,2,34,7493,2.0,7365,653.0,20.0,432.7262044653349,91.7743830787309,0.11750881316098707
257,BAJAJHLDNG,TTM,1733,178,1554.0,90.0,6055,2,34,7574,,7486,666.0,,431.9676860934795,89.67109059434507,0.1154068090017311
258,BAJFINANCE,Mar 2015,5392,2274,1752.0,1367.0,25,26,36,1357,34.0,898,18.0,10.0,16.654302670623146,32.49258160237389,0.4821958456973294
259,BAJFINANCE,Mar 2016,7299,2959,2354.0,1986.0,27,35,56,1965,35.0,1279,24.0,10.0,17.522948349088914,32.25099328675161,0.47951774215645976
260,BAJFINANCE,Mar 2017,9970,3853,3250.0,2867.0,29,22,71,2817,35.0,1836,33.0,11.0,18.415245737211634,32.59779338014042,0.22066198595787362
261,BAJFINANCE,Mar 2018,12746,4696,4115.0,3935.0,31,10,102,3843,35.0,2496,43.0,9.0,19.58261415345991,32.28463831790366,0.07845598619174643
262,BAJFINANCE,Mar 2019,18487,6723,5454.0,6310.0,34,13,144,6179,35.0,3995,69.0,9.0,21.609779845296696,29.501812084167252,0.07031968410234218
263,BAJFINANCE,Mar 2020,26374,9608,9159.0,7608.0,29,9,295,7322,28.0,5264,87.0,11.0,19.959050580116784,34.72738302874043,0.034124516569348604
264,BAJFINANCE,Mar 2021,26673,9519,10839.0,6314.0,24,3,325,5992,26.0,4420,73.0,14.0,16.5710643722116,40.63659880778315,0.011247328759419637
265,BAJFINANCE,Mar 2022,31641,9855,11880.0,9906.0,31,-17,385,9504,26.0,7028,116.0,17.0,22.211687367655887,37.546221674409786,-0.05372775828829683
266,BAJFINANCE,Mar 2023,41411,12701,12693.0,16018.0,39,-5,485,15528,26.0,11508,190.0,16.0,27.7897177078554,30.65127623095313,-0.012074086595349063
267,BAJFINANCE,Mar 2024,54972,18886,16099.0,19987.0,36,6,683,19310,25.0,14451,233.0,15.0,26.287928399912687,29.285818234737686,0.010914647456887142
268,BAJFINANCE,TTM,62279,21918,18943.0,21417.0,34,29,779,20667,,15389,248.0,,24.709773760015413,30.416352221455067,0.04656465261163474
269,BANKBARODA,Mar 2013,36442,24486,10950.0,1006.0,3,4511,322,5195,9.0,4829,23.0,19.0,13.251193677624718,30.047747104988748,12.378574172657922
270,BANKBARODA,Mar 2014,40463,27604,12049.0,809.0,2,5555,368,5996,18.0,5036,23.0,19.0,12.4459382645874,29.777821713664338,13.728591552776612
271,BANKBARODA,Mar 2015,44915,30547,13466.0,902.0,2,5449,368,5983,36.0,3950,18.0,18.0,8.794389402204164,29.981075364577535,12.131804519648224
272,BANKBARODA,Mar 2016,45799,32107,25391.0,-11700.0,-26,5992,525,-6233,-19.0,-5033,-22.0,0.0,-10.98932291098059,55.440075110810284,13.08325509290596
273,BANKBARODA,Mar 2017,44473,29596,19250.0,-4372.0,-10,7937,540,3024,41.0,1855,8.0,15.0,4.171070087468801,43.28468958694039,17.84678344163875
274,BANKBARODA,Mar 2018,46056,29160,26093.0,-9197.0,-20,7992,901,-2106,-9.0,-1836,-7.0,0.0,-3.986451276706618,56.654941809970474,17.352787910369987
275,BANKBARODA,Mar 2019,52906,32506,25815.0,-5414.0,-10,7887,948,1525,29.0,1166,4.0,0.0,2.203908819415567,48.79408762711223,14.907571920009072
276,BANKBARODA,Mar 2020,78895,50040,40583.0,-11728.0,-15,12191,1697,-1234,-99.0,981,2.0,0.0,1.2434248051207302,51.439254705621394,15.452183281576778
277,BANKBARODA,Mar 2021,74314,43201,38070.0,-6957.0,-9,14687,1357,6373,77.0,1620,3.0,0.0,2.1799391770056786,51.22857065963344,19.763436230050864
278,BANKBARODA,Mar 2022,73385,38815,37518.0,-2948.0,-4,14395,1438,10008,23.0,7933,15.0,19.0,10.810111058118144,51.12488928255093,19.615725284458676
279,BANKBARODA,Mar 2023,94503,49942,38231.0,6329.0,7,16275,2040,20565,29.0,15005,29.0,19.0,15.877802821074463,40.45480037670762,17.221675502365006
280,BANKBARODA,Mar 2024,118379,69899,44379.0,4102.0,3,23399,1702,25799,29.0,18869,36.0,21.0,15.93948250956673,37.4889127294537,19.766174743831254
281,BANKBARODA,TTM,124144,74160,46459.0,3526.0,3,23807,0,27332,,20144,39.0,,16.226317824461916,37.423475963397344,19.176923572625338
282,BHARTIARTL,Mar 2013,76947,53987,22960.0,30.0,1159,4519,14815,4785,53.0,2267,4.0,17.0,2.9461837368578374,29.838720158030853,5.872873536330201
283,BHARTIARTL,Mar 2014,85864,59352,26512.0,31.0,2881,5879,15650,7864,62.0,3019,5.0,26.0,3.516025342401938,30.87673530233858,6.846874126525669
284,BHARTIARTL,Mar 2015,96101,62499,33602.0,35.0,1243,4446,19858,10540,52.0,5048,8.0,33.0,5.252806942695706,34.96529692719118,4.626382659909886
285,BHARTIARTL,Mar 2016,96532,62548,33984.0,35.0,4858,8546,17450,12846,46.0,6893,11.0,9.0,7.140637301620188,35.2049061451125,8.85302283180707
286,BHARTIARTL,Mar 2017,95468,60138,35330.0,37.0,1713,9547,19773,7723,45.0,4241,7.0,11.0,4.442326224494071,37.00716470440357,10.000209494280806
287,BHARTIARTL,Mar 2018,82639,52560,30079.0,36.0,1756,9326,19243,3267,33.0,2184,2.0,194.0,2.6428199760403683,36.398068708479045,11.28522852406249
288,BHARTIARTL,Mar 2019,80780,55016,25764.0,32.0,4474,10622,21348,-1732,-99.0,1688,1.0,244.0,2.0896261450854174,31.894033176528847,13.14929437979698
289,BHARTIARTL,Mar 2020,87539,50930,36610.0,42.0,-37775,13992,27690,-42846,-28.0,-30664,-55.0,-3.0,-35.02895852134477,41.821359622568224,15.983732964735717
290,BHARTIARTL,Mar 2021,100616,55337,45279.0,45.0,-4215,15091,29404,-3432,99.0,-12364,-26.0,0.0,-12.28830404707005,45.00178897988392,14.9986085712014
291,BHARTIARTL,Mar 2022,116547,59013,57534.0,49.0,4656,16616,33091,12483,33.0,8305,7.0,39.0,7.125880546045801,49.36549203325697,14.256909229752804
292,BHARTIARTL,Mar 2023,139145,67871,71274.0,51.0,1019,19300,36432,16561,26.0,12287,15.0,27.0,8.830356822020196,51.22282511049624,13.870422940098459
293,BHARTIARTL,Mar 2024,149982,71691,78292.0,52.0,-3428,22648,39538,12679,32.0,8558,13.0,62.0,5.706018055499993,52.20093077836007,15.100478724113561
294,BHARTIARTL,TTM,155478,74745,80733.0,52.0,2190,22424,41690,18809,,13816,22.0,,8.886144663553686,51.92567437193687,14.42261927732541
295,BEL,Mar 2013,6273,5604,669.0,11.0,622,7,136,1147,21.0,911,1.0,20.0,14.522556990275785,10.664753706360592,0.11158935118762953
296,BEL,Mar 2014,6518,5593,925.0,14.0,438,7,150,1206,21.0,952,1.0,20.0,14.605707272169377,14.191469776004908,0.10739490641301012
297,BEL,Mar 2015,7093,5913,1179.0,17.0,507,7,166,1513,21.0,1197,2.0,20.0,16.875793035387,16.622021711546594,0.0986888481601579
298,BEL,Mar 2016,7354,5961,1393.0,19.0,573,10,192,1764,24.0,1337,2.0,31.0,18.18058199619255,18.94207234158281,0.13598041881968997
299,BEL,Mar 2017,8656,6864,1792.0,21.0,420,18,212,1983,24.0,1523,2.0,33.0,17.594731977818853,20.70240295748614,0.20794824399260628
300,BEL,Mar 2018,10401,8361,2039.0,20.0,196,6,272,1957,28.0,1431,2.0,34.0,13.758292471877704,19.603884241899816,0.05768676088837611
301,BEL,Mar 2019,12164,9255,2909.0,24.0,73,16,338,2628,30.0,1887,3.0,44.0,15.512989148306477,23.914830647813222,0.1315356790529431
302,BEL,Mar 2020,12968,10209,2759.0,21.0,99,8,372,2478,28.0,1825,3.0,37.0,14.073103022825418,21.275447254781,0.061690314620604564
303,BEL,Mar 2021,14109,10895,3214.0,23.0,125,10,387,2942,30.0,2100,3.0,46.0,14.88411652136934,22.779785952229073,0.070876745339854
304,BEL,Mar 2022,15368,12024,3344.0,22.0,232,9,401,3166,26.0,2400,3.0,46.0,15.616866215512754,21.759500260281104,0.058563248308172826
305,BEL,Mar 2023,17734,13645,4090.0,23.0,281,19,429,3923,25.0,2986,4.0,44.0,16.837712867937295,23.063042742754032,0.10713882936731702
306,BEL,Mar 2024,20268,15217,5051.0,25.0,670,12,443,5266,25.0,3985,5.0,40.0,19.661535425300965,24.921057825143084,0.059206631142687975
307,BEL,TTM,21575,15867,5708.0,26.0,754,7,445,6010,,4541,6.0,,21.047508690614137,26.45654692931634,0.03244495944380069
308,BHEL,Mar 2013,48903,39420,9483.0,19.0,1132,128,957,9531,30.0,6693,18.0,20.0,13.686276915526655,19.39144837740016,0.26174263337627546
309,BHEL,Mar 2014,39561,34982,4579.0,12.0,1617,133,985,5078,31.0,3502,10.0,20.0,8.852152372285838,11.574530471929426,0.33618968175728625
310,BHEL,Mar 2015,31323,29183,2141.0,7.0,1221,92,1082,2187,34.0,1450,4.0,20.0,4.629186220987772,6.835232895955048,0.2937138843661207
311,BHEL,Mar 2016,25505,26862,-1357.0,-5.0,1492,360,937,-1161,-39.0,-706,-2.0,-14.0,-2.768084689276612,-5.320525387178984,1.4114879435404821
312,BHEL,Mar 2017,28465,27370,1095.0,4.0,753,413,850,586,22.0,455,1.0,85.0,1.5984542420516425,3.846829439662744,1.450904619708414
313,BHEL,Mar 2018,28827,27174,1653.0,6.0,679,330,787,1215,64.0,438,1.0,151.0,1.5194088875013008,5.734207513789156,1.1447601207201583
314,BHEL,Mar 2019,30441,28409,2032.0,7.0,662,378,476,1840,46.0,1002,3.0,69.0,3.2916132847146935,6.675207778982293,1.2417463289642259
315,BHEL,Mar 2020,21463,21596,-133.0,-1.0,590,613,503,-659,99.0,-1468,-4.0,0.0,-6.839677584680613,-0.6196710618273308,2.8560779015049156
316,BHEL,Mar 2021,17309,20357,-3049.0,-18.0,393,467,473,-3596,-25.0,-2700,-8.0,0.0,-15.59882142238142,-17.615113524755905,2.698018371945231
317,BHEL,Mar 2022,21211,20383,828.0,4.0,405,448,314,470,5.0,445,1.0,31.0,2.0979680354533023,3.9036349064164817,2.1121116401866957
318,BHEL,Mar 2023,23365,22321,1044.0,4.0,544,612,260,716,9.0,654,2.0,21.0,2.7990584207147444,4.468221699122619,2.619302375347742
319,BHEL,Mar 2024,23893,23182,711.0,3.0,608,828,249,243,-16.0,282,1.0,31.0,1.180262001423011,2.9757669610346125,3.4654501318377764
320,BHEL,TTM,25833,24783,1050.0,4.0,527,746,248,583,,445,1.0,,1.7226028722951263,4.064568575078388,2.8877791971509312
321,BOSCHLTD,Dec 2012,8659,7310,1350.0,16.0,369,6,367,1346,29.0,958,305.0,20.0,11.063633213996997,15.59071486314817,0.06929206605843631
322,BOSCHLTD,Dec 2013,8757,7468,1289.0,15.0,353,0,384,1257,30.0,885,282.0,20.0,10.106200753682767,14.71965284914925,0.0
323,BOSCHLTD,Mar 2015,12086,10104,1981.0,16.0,537,14,548,1956,32.0,1338,426.0,20.0,11.070660268078768,16.390865464173423,0.11583650504716202
324,BOSCHLTD,Mar 2016,9701,7823,1878.0,19.0,623,13,386,2102,27.0,1531,488.0,17.0,15.781878156891041,19.3588289867024,0.1340068034223276
325,BOSCHLTD,Mar 2017,10435,8473,1963.0,19.0,912,27,456,2391,27.0,1741,570.0,29.0,16.684235745088642,18.811691423095354,0.2587446094873024
326,BOSCHLTD,Mar 2018,11690,9597,2093.0,18.0,418,3,467,2041,33.0,1371,449.0,22.0,11.72797262617622,17.904191616766468,0.025662959794696325
327,BOSCHLTD,Mar 2019,12085,9931,2154.0,18.0,600,13,402,2339,32.0,1598,542.0,19.0,13.223003723624327,17.823748448489862,0.10757136946628051
328,BOSCHLTD,Mar 2020,9842,8358,1483.0,15.0,-105,10,383,985,34.0,650,220.0,48.0,6.604348709611868,15.068075594391384,0.1016053647632595
329,BOSCHLTD,Mar 2021,9718,8555,1163.0,12.0,-241,14,341,567,15.0,482,164.0,70.0,4.959868285655484,11.967483021197777,0.14406256431364478
330,BOSCHLTD,Mar 2022,11782,10319,1462.0,12.0,391,29,324,1500,19.0,1217,413.0,51.0,10.329315905618742,12.408759124087592,0.24613817687998643
331,BOSCHLTD,Mar 2023,14929,13120,1810.0,13.0,471,12,386,1882,24.0,1424,483.0,99.0,9.538482148837831,12.124053854913257,0.08038046754638623
332,BOSCHLTD,Mar 2024,16727,14632,2095.0,13.0,1566,51,430,3181,22.0,2490,844.0,44.0,14.886112273569676,12.524660728164047,0.30489627548275244
333,BOSCHLTD,TTM,17150,14934,2216.0,13.0,876,13,412,2668,,2084,707.0,,12.151603498542274,12.921282798833818,0.07580174927113702
334,BPCL,Mar 2013,242181,235472,6709.0,3.0,1492,2518,2463,3220,40.0,1936,4.0,42.0,0.7994021000821699,2.770242091658718,1.0397182272762933
335,BPCL,Mar 2014,264421,255007,9414.0,4.0,1344,1982,2611,6166,34.0,4053,9.0,31.0,1.5327829484042492,3.5602316003645704,0.749562251107136
336,BPCL,Mar 2015,242598,232818,9780.0,4.0,2117,1180,3027,7690,34.0,5082,11.0,34.0,2.0948235352311233,4.031360522345609,0.4864013718167503
337,BPCL,Mar 2016,187815,174844,12971.0,7.0,1913,680,2072,12132,33.0,8089,19.0,25.0,4.306897745121529,6.906264142906584,0.36205840854031895
338,BPCL,Mar 2017,201251,187468,13783.0,7.0,2721,696,2108,13700,31.0,9507,20.0,49.0,4.723951682227666,6.84866162155716,0.34583679087308883
339,BPCL,Mar 2018,235895,220578,15317.0,6.0,2927,1186,2885,14174,31.0,9792,21.0,46.0,4.150999385319739,6.493143135717163,0.5027660611712839
340,BPCL,Mar 2019,298226,283113,15112.0,5.0,2975,1764,3418,12905,34.0,8528,18.0,48.0,2.859576294488073,5.067297955241997,0.5914977232032083
341,BPCL,Mar 2020,284572,275597,8975.0,3.0,1393,2637,4080,3652,0.0,3666,7.0,106.0,1.2882504251999494,3.1538591287969298,0.9266547657534824
342,BPCL,Mar 2021,230171,209170,21001.0,9.0,7489,1723,4334,22432,23.0,17320,37.0,102.0,7.524840227483046,9.124086005621908,0.7485738863714368
343,BPCL,Mar 2022,346791,327654,19137.0,6.0,4939,2606,5434,16037,27.0,11682,27.0,29.0,3.3685995311297003,5.518309298684223,0.7514612547615134
344,BPCL,Mar 2023,473187,462288,10899.0,2.0,2036,3745,6369,2821,24.0,2131,5.0,40.0,0.45035049568141133,2.3033177158290488,0.7914418612514714
345,BPCL,Mar 2024,448083,404001,44082.0,10.0,3032,4149,6771,36194,26.0,26859,62.0,33.0,5.994201967046283,9.837909494446341,0.9259445236708378
346,BPCL,TTM,445601,419046,26554.0,6.0,3037,3640,6996,18955,,13734,32.0,,3.082129528434631,5.9591428205951065,0.8168742888817575
347,BRITANNIA,Mar 2013,6185,5765,421.0,7.0,52,41,73,358,27.0,260,11.0,39.0,4.203718674211803,6.806790622473727,0.6628940986257074
348,BRITANNIA,Mar 2014,6913,6286,627.0,9.0,34,8,83,569,30.0,395,16.0,36.0,5.713872414291914,9.069868363951974,0.11572399826414004
349,BRITANNIA,Mar 2015,7858,6988,870.0,11.0,228,4,144,950,28.0,689,29.0,28.0,8.768134385339781,11.071519470603207,0.050903537795876815
350,BRITANNIA,Mar 2016,8397,7174,1224.0,15.0,115,5,113,1220,32.0,825,34.0,29.0,9.824937477670597,14.576634512325832,0.059545075622246035
351,BRITANNIA,Mar 2017,9054,7776,1278.0,14.0,151,5,119,1304,32.0,885,37.0,30.0,9.774685222001326,14.115308151093439,0.055224210293792805
352,BRITANNIA,Mar 2018,9914,8413,1501.0,15.0,166,8,142,1518,34.0,1004,42.0,30.0,10.127092999798265,15.14020576961872,0.0806939681258826
353,BRITANNIA,Mar 2019,11055,9322,1732.0,16.0,206,9,162,1768,35.0,1155,48.0,31.0,10.44776119402985,15.66711895070104,0.08141112618724558
354,BRITANNIA,Mar 2020,11600,9756,1843.0,16.0,263,77,185,1844,24.0,1394,58.0,60.0,12.017241379310345,15.887931034482758,0.6637931034482758
355,BRITANNIA,Mar 2021,13136,10627,2509.0,19.0,313,111,198,2514,26.0,1851,77.0,204.0,14.091047503045068,19.10018270401949,0.845006090133983
356,BRITANNIA,Mar 2022,14136,11935,2201.0,16.0,222,144,201,2078,27.0,1516,63.0,89.0,10.724391624221845,15.570175438596493,1.0186757215619695
357,BRITANNIA,Mar 2023,16301,13470,2831.0,17.0,597,169,226,3033,24.0,2316,96.0,75.0,14.207717317955954,17.36703269738053,1.0367462118888413
358,BRITANNIA,Mar 2024,16769,13603,3167.0,19.0,211,164,300,2913,27.0,2134,89.0,83.0,12.725863199952292,18.886039716142882,0.9779951100244498
359,BRITANNIA,TTM,17244,14107,3136.0,18.0,182,121,308,2889,,2129,89.0,,12.346323358849455,18.186035722570168,0.701693342611923
360,CANBK,Mar 2013,34070,26198,7217.0,655.0,2,3308,191,3771,22.0,2995,12.0,19.0,8.790724977986498,21.182858820076316,9.70942177869093
361,CANBK,Mar 2014,39570,30606,9636.0,-672.0,-2,4144,230,3242,20.0,2672,10.0,19.0,6.7525903462218855,24.351781652767247,10.472580237553702
362,CANBK,Mar 2015,43813,34133,10302.0,-621.0,-1,4733,429,3683,22.0,2931,11.0,17.0,6.689795266245178,23.513569032022456,10.802729783397622
363,CANBK,Mar 2016,44039,34263,17785.0,-8008.0,-18,5266,172,-2914,-13.0,-2535,-9.0,0.0,-5.756261495492632,40.38465905220373,11.95758305138627
364,CANBK,Mar 2017,41457,31540,15691.0,-5775.0,-14,7852,331,1746,29.0,1411,5.0,4.0,3.403526545577345,37.84885544057698,18.940106616494198
365,CANBK,Mar 2018,41345,29113,25582.0,-13350.0,-32,7398,456,-6408,-36.0,-3873,-11.0,0.0,-9.367517233039061,61.874470915467406,17.89333655822953
366,CANBK,Mar 2019,47951,32339,27202.0,-11590.0,-24,9907,429,-2111,-99.0,696,2.0,0.0,1.4514817209234425,56.72874392609122,20.66067443848929
367,CANBK,Mar 2020,49759,35817,26809.0,-12867.0,-26,11799,446,-1514,34.0,-1921,-4.0,0.0,-3.8606081311923472,53.87769046805603,23.712293253481782
368,CANBK,Mar 2021,70253,45182,43437.0,-18367.0,-26,23086,838,3882,30.0,2957,4.0,0.0,4.2090729221527905,61.82938806883692,32.86123012540389
369,CANBK,Mar 2022,70614,43035,41235.0,-13657.0,-19,23643,841,9145,37.0,6158,7.0,19.0,8.720650295975302,58.39493584841533,33.48202905939332
370,CANBK,Mar 2023,85885,52990,42772.0,-9877.0,-12,25325,1021,14427,25.0,11345,12.0,19.0,13.209524363975083,49.80147872154625,29.48710484950806
371,CANBK,Mar 2024,110519,72118,46146.0,-7745.0,-7,28646,902,20000,26.0,15401,17.0,19.0,13.935160470145405,41.753906568101414,25.9195251495218
372,CANBK,TTM,119392,80351,48026.0,-8985.0,-8,30394,0,21409,,16571,18.0,,13.879489413025997,40.22547574376843,25.45731707317073
373,CHOLAFIN,Mar 2013,2570,1410,688.0,472.0,18,1,22,452,32.0,308,4.0,16.0,11.98443579766537,26.770428015564203,0.038910505836575876
374,CHOLAFIN,Mar 2014,3279,1769,932.0,578.0,18,1,25,554,34.0,368,5.0,14.0,11.222933821286977,28.42329978652028,0.030497102775236352
375,CHOLAFIN,Mar 2015,3715,1958,1061.0,696.0,19,0,30,666,33.0,444,6.0,11.0,11.951547779273216,28.559892328398384,0.0
376,CHOLAFIN,Mar 2016,4214,2048,1266.0,899.0,21,2,22,879,35.0,575,7.0,12.0,13.64499288087328,30.042714760322735,0.04746084480303749
377,CHOLAFIN,Mar 2017,4694,2228,1322.0,1143.0,24,3,39,1107,35.0,718,9.0,12.0,15.296122709842352,28.163613123135917,0.06391137622496805
378,CHOLAFIN,Mar 2018,5559,2657,1451.0,1451.0,26,0,51,1401,34.0,918,12.0,11.0,16.51376146788991,26.101816873538407,0.0
379,CHOLAFIN,Mar 2019,7108,3588,1632.0,1888.0,27,1,57,1832,35.0,1197,15.0,8.0,16.840180078784467,22.960045019696118,0.014068655036578503
380,CHOLAFIN,Mar 2020,8712,4592,2421.0,1699.0,20,0,111,1588,34.0,1054,13.0,13.0,12.098255280073463,27.789256198347108,0.0
381,CHOLAFIN,Mar 2021,9583,4576,2913.0,2094.0,22,56,102,2048,26.0,1521,19.0,11.0,15.871856412396953,30.397579046227698,0.5843681519357196
382,CHOLAFIN,Mar 2022,10148,4298,2926.0,2924.0,29,84,101,2908,26.0,2154,26.0,8.0,21.225857311785575,28.83326763894363,0.8277493102089082
383,CHOLAFIN,Mar 2023,12884,5748,3621.0,3515.0,27,220,121,3615,26.0,2665,32.0,6.0,20.684570009313877,28.104625892579943,1.7075442409189692
384,CHOLAFIN,Mar 2024,19163,9231,5385.0,4548.0,24,255,198,4605,26.0,3420,41.0,5.0,17.846892448990243,28.10102802275218,1.3306893492668164
385,CHOLAFIN,TTM,22502,10875,6452.0,5175.0,23,248,243,5180,,3852,46.0,,17.118478357479336,28.673006843836102,1.1021242556217226
386,CIPLA,Mar 2013,8279,34,6065.0,2214.0,27,245,330,2095,26.0,1545,19.0,10.0,18.661674115231307,73.25763981157145,2.9592946007971976
387,CIPLA,Mar 2014,10173,146,8026.0,2147.0,21,251,373,1880,25.0,1404,17.0,12.0,13.80123857269242,78.89511451882434,2.467315442838887
388,CIPLA,Mar 2015,11345,168,9183.0,2163.0,19,164,505,1654,24.0,1229,15.0,14.0,10.832966064345527,80.94314676068753,1.4455707360070515
389,CIPLA,Mar 2016,13790,207,11310.0,2480.0,18,208,754,1727,19.0,1383,17.0,12.0,10.029006526468455,82.01595358955765,1.5083393763596809
390,CIPLA,Mar 2017,14394,159,11898.0,2496.0,17,208,1323,1222,15.0,1035,13.0,16.0,7.190496040016674,82.65944143393081,1.445046547172433
391,CIPLA,Mar 2018,15156,114,12329.0,2826.0,19,280,1323,1669,15.0,1417,18.0,17.0,9.349432567959884,81.3473211929269,1.8474531538664556
392,CIPLA,Mar 2019,16362,168,13265.0,3097.0,19,477,1326,2079,27.0,1492,19.0,16.0,9.118689646742451,81.07199608849774,2.915291529152915
393,CIPLA,Mar 2020,17132,197,13926.0,3206.0,19,344,1175,2178,29.0,1500,19.0,21.0,8.755545178613122,81.28648143824422,2.007938360961943
394,CIPLA,Mar 2021,19160,161,14907.0,4252.0,22,266,1068,3290,27.0,2389,30.0,17.0,12.468684759916492,77.80271398747391,1.3883089770354906
395,CIPLA,Mar 2022,21763,106,17211.0,4553.0,21,99,1052,3493,27.0,2547,31.0,16.0,11.703349722005237,79.08376602490466,0.45490051922988556
396,CIPLA,Mar 2023,22753,110,17726.0,5027.0,22,293,1172,4038,30.0,2833,35.0,24.0,12.45110534874522,77.90621017008746,1.287742275743858
397,CIPLA,Mar 2024,25774,90,19483.0,6291.0,24,552,1051,5702,27.0,4154,51.0,25.0,16.11701714906495,75.59168153953597,2.1416931791728095
398,CIPLA,TTM,26981,66,20075.0,6906.0,26,822,1087,6576,,4987,62.0,,18.48337719135688,74.40421037026054,3.046588339942923
399,COALINDIA,Mar 2013,68303,46,50216.0,18087.0,26,8752,1813,24979,31.0,17356,27.0,51.0,25.41030408620412,73.51946473800565,12.81349281876345
400,COALINDIA,Mar 2014,70608,59,52842.0,17766.0,25,7169,1996,22880,34.0,15112,24.0,121.0,21.402673917969636,74.83854520734195,10.15324042601405
401,COALINDIA,Mar 2015,74120,9,56777.0,17343.0,23,6570,2320,21584,36.0,13727,22.0,95.0,18.519967620075555,76.60145709660011,8.86400431732326
402,COALINDIA,Mar 2016,77861,388,59147.0,18714.0,24,5939,2826,21440,33.0,14267,23.0,121.0,18.323679377351947,75.96486045645446,7.627695508662874
403,COALINDIA,Mar 2017,78164,410,65716.0,12448.0,16,5316,2907,14446,36.0,9280,15.0,133.0,11.872473261347935,84.0745100046057,6.80108489841871
404,COALINDIA,Mar 2018,85244,430,75956.0,9288.0,11,4975,3063,10770,35.0,7038,11.0,146.0,8.25629956360565,89.10421847871991,5.836187884191263
405,COALINDIA,Mar 2019,99586,264,74579.0,25007.0,25,5834,3450,27127,36.0,17464,28.0,46.0,17.536601530335588,74.88904062820076,5.858253168116001
406,COALINDIA,Mar 2020,96080,503,74500.0,21581.0,22,6444,3451,24071,31.0,16700,27.0,44.0,17.38134887593672,77.53955037468776,6.7069109075770195
407,COALINDIA,Mar 2021,90026,642,71398.0,18628.0,21,3742,3718,18009,29.0,12702,21.0,78.0,14.109257325661476,79.3081998533757,4.156576988869882
408,COALINDIA,Mar 2022,109715,541,84995.0,24721.0,23,3866,4429,23616,26.0,17378,28.0,60.0,15.839219796746114,77.46889668687052,3.5236749760743744
409,COALINDIA,Mar 2023,138252,684,94020.0,44232.0,32,6560,6833,43275,27.0,31723,52.0,47.0,22.94578016954547,68.00624945751237,4.744958481613286
410,COALINDIA,Mar 2024,142324,819,94352.0,47971.0,34,8396,6735,48813,23.0,37369,61.0,42.0,26.25628846856468,66.29380849329698,5.899215873640426
411,COALINDIA,TTM,140328,875,93717.0,46610.0,33,8145,8357,45523,,34350,56.0,,24.47836497349068,66.78424833247819,5.804258594150847
412,DABUR,Mar 2013,6140,5148,992.0,16.0,100,59,85,948,19.0,766,4.0,34.0,12.47557003257329,16.156351791530945,0.9609120521172638
413,DABUR,Mar 2014,7058,5897,1162.0,16.0,126,54,97,1136,19.0,916,5.0,33.0,12.978180787758573,16.463587418532164,0.7650892604137149
414,DABUR,Mar 2015,7795,6475,1320.0,17.0,154,40,115,1319,19.0,1068,6.0,33.0,13.701090442591404,16.93393200769724,0.5131494547787042
415,DABUR,Mar 2016,7780,6261,1518.0,20.0,217,48,133,1554,19.0,1254,7.0,32.0,16.118251928020566,19.511568123393317,0.6169665809768637
416,DABUR,Mar 2017,7614,6102,1512.0,20.0,296,54,143,1611,21.0,1280,7.0,31.0,16.811137378513266,19.858156028368796,0.7092198581560284
417,DABUR,Mar 2018,7722,6104,1617.0,21.0,291,53,162,1693,20.0,1358,8.0,81.0,17.586117586117584,20.94017094017094,0.6863506863506863
418,DABUR,Mar 2019,8515,6775,1740.0,20.0,222,60,177,1725,16.0,1446,8.0,34.0,16.981796829125074,20.434527304756312,0.7046388725778039
419,DABUR,Mar 2020,8685,6892,1792.0,21.0,205,50,220,1728,16.0,1448,8.0,37.0,16.672423719055843,20.63327576280944,0.5757052389176741
420,DABUR,Mar 2021,9562,7560,2002.0,21.0,325,31,240,2056,18.0,1695,10.0,50.0,17.72641706755909,20.937042459736457,0.3241999581677473
421,DABUR,Mar 2022,10889,8637,2252.0,21.0,308,39,253,2269,23.0,1742,10.0,53.0,15.997795940857745,20.681421618146754,0.3581596106162182
422,DABUR,Mar 2023,11530,9367,2162.0,19.0,445,78,311,2219,23.0,1701,10.0,54.0,14.752818733738074,18.751084128360798,0.6764960971379012
423,DABUR,Mar 2024,12404,10004,2400.0,19.0,482,124,399,2359,23.0,1811,10.0,53.0,14.600128990648178,19.348597226701063,0.999677523379555
424,DABUR,TTM,12447,10106,2341.0,19.0,537,152,424,2302,,1760,10.0,,14.139953402426286,18.807744838113603,1.2211777938459065
425,DIVISLAB,Mar 2013,2145,1329,816.0,38.0,45,3,77,781,23.0,602,23.0,33.0,28.065268065268068,38.04195804195804,0.13986013986013987
426,DIVISLAB,Mar 2014,2532,1514,1018.0,40.0,68,3,92,991,22.0,773,29.0,34.0,30.529225908372826,40.20537124802528,0.11848341232227488
427,DIVISLAB,Mar 2015,3115,1942,1173.0,38.0,38,3,136,1072,21.0,852,32.0,31.0,27.351524879614768,37.65650080256822,0.09630818619582665
428,DIVISLAB,Mar 2016,3776,2354,1423.0,38.0,93,5,118,1393,19.0,1126,42.0,24.0,29.81991525423729,37.6853813559322,0.13241525423728812
429,DIVISLAB,Mar 2017,4064,2615,1450.0,36.0,72,3,123,1395,24.0,1060,40.0,25.0,26.08267716535433,35.67913385826771,0.07381889763779527
430,DIVISLAB,Mar 2018,3891,2622,1269.0,33.0,107,2,142,1231,29.0,877,33.0,30.0,22.539193009509123,32.61372397841172,0.05140066820868672
431,DIVISLAB,Mar 2019,4946,3072,1874.0,38.0,154,5,169,1855,27.0,1353,51.0,31.0,27.355438738374442,37.88920339668419,0.10109179134654267
432,DIVISLAB,Mar 2020,5394,3568,1826.0,34.0,186,7,186,1819,24.0,1377,52.0,31.0,25.528364849833146,33.852428624397476,0.12977382276603633
433,DIVISLAB,Mar 2021,6969,4102,2867.0,41.0,57,2,256,2666,26.0,1984,75.0,27.0,28.46893384990673,41.13933132443679,0.028698522026115655
434,DIVISLAB,Mar 2022,8960,5075,3885.0,43.0,112,2,312,3684,20.0,2960,112.0,27.0,33.035714285714285,43.359375,0.022321428571428572
435,DIVISLAB,Mar 2023,7767,5397,2370.0,31.0,344,2,343,2369,23.0,1824,69.0,44.0,23.483970645036695,30.513711857860176,0.025749967812540235
436,DIVISLAB,Mar 2024,7845,5635,2210.0,28.0,335,4,378,2163,26.0,1600,60.0,50.0,20.395156150414277,28.170809432759718,0.05098789037603569
437,DIVISLAB,TTM,8614,6056,2558.0,30.0,359,3,386,2528,,1836,69.0,,21.31413977246343,29.69584397492454,0.03482702577199907
438,DLF,Mar 2013,7773,5140,2633.0,34.0,1279,2314,796,802,17.0,667,4.0,48.0,8.580985462498392,33.87366525151164,29.76971568249067
439,DLF,Mar 2014,8298,5805,2493.0,30.0,1133,2463,663,500,-16.0,590,4.0,55.0,7.1101470233791275,30.04338394793926,29.681851048445406
440,DLF,Mar 2015,7649,4635,3014.0,39.0,503,2304,545,668,24.0,507,3.0,66.0,6.628317427114655,39.40384363969146,30.1215845208524
441,DLF,Mar 2016,9926,5960,3966.0,40.0,506,2680,766,1026,55.0,305,2.0,117.0,3.07273826314729,39.955671972597216,26.99979850896635
442,DLF,Mar 2017,8221,4775,3446.0,42.0,1135,2980,572,1030,22.0,708,4.0,50.0,8.612090986497993,41.9170417224182,36.24863155333901
443,DLF,Mar 2018,6707,4329,2378.0,35.0,9722,2951,534,8615,50.0,4477,25.0,8.0,66.75115550916952,35.455494259728646,43.998807216341135
444,DLF,Mar 2019,8366,6218,2148.0,26.0,784,2062,225,646,43.0,1314,6.0,33.0,15.706430791298112,25.67535261773847,24.647382261534784
445,DLF,Mar 2020,6083,4937,1146.0,19.0,1135,1427,200,653,99.0,-590,-2.0,-85.0,-9.699161597895776,18.839388459641622,23.458819661351306
446,DLF,Mar 2021,5414,3945,1469.0,27.0,383,853,159,840,43.0,1083,4.0,45.0,20.003694126339123,27.133357960842257,15.755448836350203
447,DLF,Mar 2022,5717,3974,1743.0,30.0,195,625,149,1165,28.0,1500,6.0,49.0,26.237537169844323,30.488018191359107,10.932307154101801
448,DLF,Mar 2023,5695,3969,1726.0,30.0,317,392,149,1502,27.0,2034,8.0,49.0,35.71553994732221,30.307287093942055,6.883230904302019
449,DLF,Mar 2024,6427,4303,2124.0,33.0,531,356,148,2151,24.0,2724,11.0,45.0,42.38369379181578,33.04807841916913,5.539131787770344
450,DLF,TTM,7001,5116,1885.0,27.0,662,386,150,2010,,4004,16.0,,57.19182973860877,26.9247250392801,5.513498071704042
451,DMART,Mar 2013,3341,3126,215.0,6.0,15,43,46,141,34.0,94,2.0,0.0,2.8135288835677943,6.435199042202933,1.2870398084405865
452,DMART,Mar 2014,4686,4345,341.0,7.0,16,56,57,245,34.0,161,3.0,0.0,3.4357661118224496,7.276995305164319,1.195049082373026
453,DMART,Mar 2015,6439,5983,456.0,7.0,20,72,82,323,34.0,212,4.0,0.0,3.292436713775431,7.081845006988663,1.118186053735052
454,DMART,Mar 2016,8584,7919,664.0,8.0,17,91,98,492,35.0,320,6.0,0.0,3.727865796831314,7.735321528424977,1.0601118359739048
455,DMART,Mar 2017,11898,10929,969.0,8.0,28,122,128,747,36.0,479,8.0,0.0,4.025886703647672,8.144225920322743,1.025382417212977
456,DMART,Mar 2018,15033,13680,1353.0,9.0,88,60,159,1222,34.0,806,13.0,0.0,5.361537949843678,9.000199560965875,0.39912193175014965
457,DMART,Mar 2019,20005,18371,1633.0,8.0,48,47,212,1422,37.0,902,14.0,0.0,4.508872781804548,8.162959260184955,0.23494126468382903
458,DMART,Mar 2020,24870,22742,2128.0,9.0,60,69,374,1745,25.0,1301,20.0,0.0,5.231202251708886,8.556493767591476,0.27744270205066346
459,DMART,Mar 2021,24143,22398,1745.0,7.0,194,42,414,1483,26.0,1099,17.0,0.0,4.5520440707451435,7.227767883030278,0.17396346767178894
460,DMART,Mar 2022,30976,28474,2502.0,8.0,114,54,498,2064,28.0,1492,23.0,0.0,4.8166322314049586,8.077221074380166,0.17432851239669422
461,DMART,Mar 2023,42840,39201,3639.0,8.0,128,67,639,3060,22.0,2378,37.0,0.0,5.550887021475257,8.494397759103641,0.15639589169000934
462,DMART,Mar 2024,50789,46683,4106.0,8.0,145,58,731,3461,27.0,2536,39.0,0.0,4.993207190533383,8.084427730414067,0.11419795625036919
463,DMART,TTM,57213,52737,4476.0,8.0,137,64,834,3716,,2720,42.0,,4.754164263366718,7.823396780451995,0.11186268854980512
464,DRREDDY,Mar 2013,11833,9164,2669.0,23.0,146,100,550,2165,29.0,1527,18.0,17.0,12.904588861658075,22.555564945491422,0.8450942280064226
465,DRREDDY,Mar 2014,13415,10164,3251.0,24.0,170,127,648,2646,26.0,1963,23.0,16.0,14.632873648900485,24.23406634364517,0.9467014535967201
466,DRREDDY,Mar 2015,15023,11515,3508.0,23.0,260,108,760,2900,19.0,2336,27.0,15.0,15.549490780802769,23.35086201158224,0.7188976902083472
467,DRREDDY,Mar 2016,15568,11983,3585.0,23.0,295,83,939,2859,26.0,2131,25.0,16.0,13.688335046248715,23.028006166495373,0.5331449126413156
468,DRREDDY,Mar 2017,14196,11724,2472.0,17.0,172,79,1027,1554,19.0,1292,16.0,26.0,9.101155255001409,17.413355874894336,0.556494787264018
469,DRREDDY,Mar 2018,14281,11930,2351.0,16.0,155,79,1077,1350,32.0,947,11.0,35.0,6.631188292136406,16.462432602758913,0.5531825502415797
470,DRREDDY,Mar 2019,15448,12270,3178.0,21.0,381,89,1135,2336,17.0,1950,23.0,17.0,12.622993267736923,20.572242361470742,0.576126359399275
471,DRREDDY,Mar 2020,17517,15040,2477.0,14.0,670,98,1163,1886,-7.0,2026,24.0,21.0,11.565907404235885,14.140549180795798,0.5594565279442827
472,DRREDDY,Mar 2021,19048,15173,3874.0,20.0,335,97,1229,2884,32.0,1952,23.0,21.0,10.247795044099119,20.338093238135237,0.5092398152036959
473,DRREDDY,Mar 2022,21545,17778,3768.0,17.0,555,96,1165,3061,29.0,2182,26.0,23.0,10.127639823624971,17.488976560686933,0.44557902065444416
474,DRREDDY,Mar 2023,24670,18200,6470.0,26.0,971,143,1250,6048,25.0,4507,54.0,15.0,18.269152817186868,26.22618565058776,0.5796513984596676
475,DRREDDY,Mar 2024,28011,20078,7933.0,28.0,909,171,1470,7201,23.0,5578,67.0,12.0,19.913605369319196,28.321016743422227,0.6104744564635322
476,DRREDDY,TTM,31229,22919,8311.0,27.0,862,276,1617,7280,,5448,64.0,,17.44532325722886,26.61308399244292,0.883793909507189
477,EICHERMOT,Dec 2012,6390,5840,550.0,9.0,136,4,82,600,21.0,475,12.0,17.0,7.433489827856025,8.607198748043817,0.06259780907668232
478,EICHERMOT,Dec 2013,6810,6094,715.0,11.0,93,8,130,671,22.0,525,15.0,21.0,7.709251101321586,10.499265785609397,0.11747430249632893
479,EICHERMOT,Dec 2014,8738,7621,1118.0,13.0,105,10,220,993,29.0,702,23.0,22.0,8.033875028610666,12.794689860379949,0.11444266422522317
480,EICHERMOT,Mar 2016,6173,4484,1690.0,27.0,326,2,137,1877,29.0,1338,49.0,20.0,21.675036449052325,27.37728819050705,0.032399157621901827
481,EICHERMOT,Mar 2017,7033,4859,2174.0,31.0,416,4,154,2433,30.0,1667,61.0,16.0,23.702545144319636,30.911417602729983,0.05687473339968719
482,EICHERMOT,Mar 2018,8965,6156,2809.0,31.0,536,5,223,3116,30.0,1960,72.0,15.0,21.862799776910204,31.3329615170106,0.055772448410485224
483,EICHERMOT,Mar 2019,9797,6893,2904.0,30.0,701,7,300,3297,33.0,2203,81.0,15.0,22.486475451668877,29.641727059303868,0.07145044401347352
484,EICHERMOT,Mar 2020,9154,6971,2183.0,24.0,572,19,382,2355,22.0,1827,67.0,19.0,19.958488092637097,23.847498361372075,0.20755953681450728
485,EICHERMOT,Mar 2021,8720,6937,1783.0,20.0,482,16,451,2203,25.0,1347,49.0,34.0,15.447247706422019,20.44724770642202,0.1834862385321101
486,EICHERMOT,Mar 2022,10298,8120,2178.0,21.0,496,19,452,2203,24.0,1677,61.0,34.0,16.284715478733737,21.149737813167604,0.18450184501845018
487,EICHERMOT,Mar 2023,14442,10996,3446.0,24.0,908,28,526,3800,23.0,2914,107.0,35.0,20.177260767206757,23.8609610857222,0.19387896413239164
488,EICHERMOT,Mar 2024,16536,12206,4329.0,26.0,1521,51,598,5202,23.0,4001,146.0,35.0,24.195694242864054,26.179245283018872,0.3084179970972424
489,EICHERMOT,TTM,17091,12619,4472.0,26.0,1729,53,661,5486,,4268,156.0,,24.972207594640455,26.165818266924113,0.3101047334854602
490,GAIL,Mar 2013,50974,43547,7427.0,15.0,887,437,1319,6558,34.0,4367,6.0,28.0,8.567112645662494,14.570173029387531,0.8572997998979872
491,GAIL,Mar 2014,61765,53777,7988.0,13.0,1247,669,1644,6922,32.0,4786,7.0,28.0,7.7487250060714,12.932890795758114,1.083137699344289
492,GAIL,Mar 2015,60557,54926,5631.0,9.0,945,652,1433,4492,32.0,3160,5.0,24.0,5.21822415245141,9.298677279257559,1.0766715656323793
493,GAIL,Mar 2016,52053,47517,4536.0,9.0,731,822,1496,2949,37.0,1874,3.0,37.0,3.6001767429350853,8.71419514725376,1.5791597026108006
494,GAIL,Mar 2017,48552,42531,6021.0,12.0,1212,509,1541,5183,35.0,3374,5.0,56.0,6.949250288350635,12.40113692535838,1.0483605206788598
495,GAIL,Mar 2018,54496,46695,7802.0,14.0,948,295,1527,6928,31.0,4805,7.0,43.0,8.817160892542573,14.31664709336465,0.5413241338813858
496,GAIL,Mar 2019,76190,66252,9938.0,13.0,1719,159,1667,9831,33.0,6553,10.0,25.0,8.600866255414097,13.04370652316577,0.2086888043050269
497,GAIL,Mar 2020,72518,63495,9022.0,12.0,3796,309,2080,10429,9.0,9515,14.0,31.0,13.120880333158663,12.44104911883946,0.4261011059323203
498,GAIL,Mar 2021,57372,50127,7245.0,13.0,2833,179,2174,7725,20.0,6143,9.0,36.0,10.70731367217458,12.628111273792095,0.31199888447326224
499,GAIL,Mar 2022,92770,77608,15161.0,16.0,2925,202,2420,15464,20.0,12304,18.0,36.0,13.262908267758974,16.342567640400993,0.21774280478602998
500,GAIL,Mar 2023,145668,138168,7500.0,5.0,2822,365,2702,7256,23.0,5596,9.0,59.0,3.841612433753467,5.14869429112777,0.2505697888348848
501,GAIL,Mar 2024,133228,118914,14314.0,11.0,2672,719,3672,12595,21.0,9903,15.0,37.0,7.433122166511544,10.743987750322754,0.5396763443120065
502,GAIL,TTM,136081,119297,16784.0,12.0,2893,733,4187,14758,,11541,18.0,,8.48097824090064,12.333830586194987,0.5386497747664993
503,GODREJCP,Mar 2013,6412,5417,995.0,16.0,194,87,77,1025,17.0,845,8.0,22.0,13.178415470991892,15.517779164067374,1.3568309419837803
504,GODREJCP,Mar 2014,7599,6430,1169.0,15.0,62,120,82,1030,20.0,819,7.0,24.0,10.777733912356888,15.383603105671797,1.5791551519936835
505,GODREJCP,Mar 2015,8273,6894,1379.0,17.0,73,112,91,1249,22.0,976,9.0,21.0,11.797413272089932,16.66868125226641,1.3538015230267133
506,GODREJCP,Mar 2016,8424,6766,1657.0,20.0,-262,128,101,1167,29.0,831,8.0,24.0,9.864672364672366,19.669990503323838,1.519468186134853
507,GODREJCP,Mar 2017,9268,7361,1907.0,21.0,76,154,142,1687,22.0,1308,13.0,39.0,14.113077255071213,20.576176089771256,1.6616314199395772
508,GODREJCP,Mar 2018,9847,7763,2084.0,21.0,283,173,156,2039,20.0,1634,16.0,42.0,16.593886462882097,21.163806235401644,1.75688026810196
509,GODREJCP,Mar 2019,10314,8183,2132.0,21.0,362,238,170,2085,-12.0,2342,23.0,44.0,22.70700019391119,20.67093271281753,2.3075431452394803
510,GODREJCP,Mar 2020,9911,7757,2154.0,22.0,32,228,197,1760,15.0,1497,15.0,55.0,15.104429421854505,21.733427504792655,2.300474220563011
511,GODREJCP,Mar 2021,11029,8629,2399.0,22.0,23,138,204,2080,17.0,1721,17.0,0.0,15.604315894460061,21.751745398494876,1.2512467132106264
512,GODREJCP,Mar 2022,12276,9867,2409.0,20.0,78,122,210,2155,17.0,1783,17.0,0.0,14.524275008145976,19.623655913978492,0.9938090583251874
513,GODREJCP,Mar 2023,13316,10873,2443.0,18.0,114,188,236,2133,20.0,1702,17.0,0.0,12.781616100931211,18.34635025533193,1.4118353860018025
514,GODREJCP,Mar 2024,14096,11139,2957.0,21.0,-2209,310,241,198,99.0,-561,-5.0,,-3.9798524404086266,20.977582292849036,2.1992054483541428
515,GODREJCP,TTM,14152,11156,2996.0,21.0,-2097,339,211,348,,-453,-4.0,,-3.2009609949123803,21.17015262860373,2.3954211418880726
516,GRASIM,Mar 2013,27909,21986,5924.0,21.0,824,324,1252,5171,28.0,3778,57.0,8.0,13.536851911569745,21.226127772403167,1.1609158336020637
517,GRASIM,Mar 2014,28331,23416,4915.0,17.0,576,447,1457,3586,20.0,2954,44.0,9.0,10.42674102573153,17.348487522501856,1.5777769933994563
518,GRASIM,Mar 2015,31734,26590,5144.0,16.0,530,667,1563,3443,30.0,2582,37.0,9.0,8.136383689418288,16.209743492783765,2.1018465998613474
519,GRASIM,Mar 2016,34487,28576,5911.0,17.0,1320,718,1834,4679,26.0,3455,51.0,9.0,10.018267753066374,17.13979180560791,2.0819439208977295
520,GRASIM,Mar 2017,36068,28682,7387.0,20.0,1076,702,1808,5952,29.0,4246,66.0,8.0,11.772208051458357,20.480758567150936,1.946323610957081
521,GRASIM,Mar 2018,55894,44281,11612.0,21.0,410,3663,2724,5635,35.0,3688,39.0,15.0,6.598203742798869,20.775038465667155,6.553476222850395
522,GRASIM,Mar 2019,77200,60560,16640.0,22.0,-1846,6060,3571,5163,47.0,2745,25.0,27.0,3.5556994818652847,21.554404145077722,7.849740932642487
523,GRASIM,Mar 2020,68252,57880,10373.0,15.0,7076,6890,4004,6554,-1.0,6639,65.0,6.0,9.727187481685519,15.19808943327668,10.094942272753912
524,GRASIM,Mar 2021,76404,57769,18635.0,24.0,1130,5723,4033,10009,30.0,6987,63.0,14.0,9.144809172294645,24.39008428878069,7.4904455264122305
525,GRASIM,Mar 2022,95701,75270,20431.0,21.0,1648,4776,4161,13143,15.0,11206,111.0,9.0,11.709386526786554,21.34878423422953,4.99054346349568
526,GRASIM,Mar 2023,117627,96038,21589.0,18.0,3733,6044,4552,14727,25.0,11078,100.0,10.0,9.417905752930874,18.353779319373952,5.13827607607097
527,GRASIM,Mar 2024,130978,103783,27195.0,21.0,783,9277,5001,13700,28.0,9926,85.0,12.0,7.578371940325857,20.763028905617738,7.082868878742995
528,GRASIM,TTM,137116,109610,27506.0,20.0,971,10696,5437,12344,,8693,67.0,,6.339887394614779,20.060386825753376,7.800694302634266
529,HAL,Mar 2013,14328,13560,768.0,5.0,3335,5,601,3497,14.0,2997,124.0,28.0,20.917085427135678,5.360134003350084,0.03489670575097711
530,HAL,Mar 2014,15135,13565,1570.0,10.0,2618,8,603,3578,25.0,2693,28.0,33.0,17.793194582094483,10.373306904525933,0.05285761480013215
531,HAL,Mar 2015,15730,13379,2351.0,15.0,1642,15,806,3173,25.0,2388,25.0,20.0,15.181182453909727,14.945963127781308,0.09535918626827718
532,HAL,Mar 2016,16758,14281,2478.0,15.0,1598,6,863,3207,38.0,1998,28.0,31.0,11.92266380236305,14.786967418546364,0.03580379520229145
533,HAL,Mar 2017,17950,14714,3236.0,18.0,1044,16,681,3583,27.0,2616,36.0,31.0,14.573816155988858,18.027855153203344,0.08913649025069638
534,HAL,Mar 2018,18519,15059,3460.0,19.0,761,35,947,3240,39.0,1987,30.0,54.0,10.729521032453155,18.683514228630056,0.18899508612776067
535,HAL,Mar 2019,20008,15440,4569.0,23.0,376,177,1024,3742,37.0,2346,35.0,28.0,11.72530987604958,22.835865653738505,0.8846461415433826
536,HAL,Mar 2020,21445,16565,4880.0,23.0,415,359,998,3938,28.0,2842,42.0,39.0,13.252506411750991,22.75588715318256,1.6740498950804383
537,HAL,Mar 2021,22882,17541,5341.0,23.0,360,267,1157,4277,24.0,3239,48.0,31.0,14.155231186085132,23.341491128397866,1.1668560440520934
538,HAL,Mar 2022,24620,19200,5420.0,22.0,986,65,1110,5231,3.0,5086,76.0,26.0,20.65800162469537,22.014622258326565,0.26401299756295693
539,HAL,Mar 2023,26928,20258,6669.0,25.0,1672,64,1784,6493,10.0,5811,87.0,32.0,21.57976827094474,24.766042780748663,0.23767082590612004
540,HAL,Mar 2024,30381,20631,9749.0,32.0,1899,43,1406,10199,26.0,7595,114.0,31.0,24.999177117277245,32.08913465652875,0.14153582831374872
541,HAL,TTM,31154,21199,9954.0,32.0,2304,32,1182,11045,,8472,127.0,,27.193939783013416,31.950953328625538,0.10271554214547089
542,HAVELLS,Mar 2013,7135,6461,674.0,9.0,222,123,110,664,12.0,581,9.0,16.0,8.142957252978276,9.446391030133146,1.7238962859145062
543,HAVELLS,Mar 2014,8051,7274,777.0,10.0,35,102,116,594,25.0,446,7.0,42.0,5.539684511240839,9.650975034157247,1.266923363557322
544,HAVELLS,Mar 2015,8468,7713,755.0,9.0,48,96,139,569,32.0,385,6.0,49.0,4.546528105810109,8.915918752952292,1.1336797354747286
545,HAVELLS,Mar 2016,7594,6798,796.0,10.0,949,91,134,1520,14.0,1300,21.0,29.0,17.118777982617857,10.481959441664472,1.19831445878325
546,HAVELLS,Mar 2017,6130,5315,815.0,13.0,42,13,121,723,32.0,494,8.0,44.0,8.05872756933116,13.295269168026099,0.21207177814029365
547,HAVELLS,Mar 2018,8116,7083,1033.0,13.0,97,25,140,965,31.0,661,11.0,4.0,8.144406111384919,12.727944800394283,0.3080335140463282
548,HAVELLS,Mar 2019,10073,8885,1189.0,12.0,124,16,149,1147,31.0,788,13.0,36.0,7.822892881961679,11.803832026208678,0.15884046460835896
549,HAVELLS,Mar 2020,9440,8374,1067.0,11.0,107,51,218,904,19.0,735,12.0,34.0,7.786016949152542,11.302966101694915,0.5402542372881356
550,HAVELLS,Mar 2021,10457,8868,1589.0,15.0,187,90,249,1438,27.0,1044,17.0,39.0,9.983742947308023,15.195562780912308,0.8606674954575881
551,HAVELLS,Mar 2022,13938,12163,1775.0,13.0,159,67,261,1607,26.0,1196,19.0,39.0,8.58085808580858,12.73496914908882,0.4807002439374372
552,HAVELLS,Mar 2023,16911,15290,1621.0,10.0,178,55,296,1447,26.0,1072,17.0,44.0,6.3390692448702035,9.58547690852108,0.32523209745136306
553,HAVELLS,Mar 2024,18590,16709,1881.0,10.0,249,84,338,1707,26.0,1271,20.0,44.0,6.837009144701453,10.118343195266272,0.4518558364712211
554,HAVELLS,TTM,20677,18668,2008.0,10.0,310,46,384,1889,,1400,22.0,,6.770808144314939,9.711273395560283,0.22246941045606228
555,HCLTECH,Jun 2013,25581,19901,5680.0,22.0,332,106,637,5270,23.0,4040,14.0,21.0,15.792971345920801,22.203979516047063,0.4143700402642586
556,HCLTECH,Jun 2014,32144,24108,8035.0,25.0,677,114,681,7917,18.0,6528,23.0,11.0,20.3086112493778,24.99688899950224,0.35465405674464906
557,HCLTECH,Jun 2015,36701,28215,8486.0,23.0,1126,91,404,9117,20.0,7342,26.0,58.0,20.004904498515028,23.121985776954308,0.24794964714857903
558,HCLTECH,Mar 2016 9m,31136,24482,6654.0,21.0,871,74,410,7041,20.0,5602,20.0,40.0,17.992034943473794,21.3707605344296,0.23766700924974307
559,HCLTECH,Mar 2017,47568,37178,10390.0,22.0,1069,89,828,10542,18.0,8606,30.0,40.0,18.091994618230743,21.84241506895392,0.1871005718129835
560,HCLTECH,Mar 2018,50569,39323,11246.0,22.0,1230,69,1383,11024,21.0,8722,31.0,19.0,17.24772093575115,22.238921078130872,0.13644723051671973
561,HCLTECH,Mar 2019,60427,46501,13926.0,23.0,943,174,2073,12622,20.0,10120,37.0,11.0,16.747480430933194,23.04598937561024,0.2879507504923296
562,HCLTECH,Mar 2020,70676,53360,17316.0,24.0,589,505,3420,13980,21.0,11057,41.0,25.0,15.644631841077594,24.50053766483672,0.7145282698511517
563,HCLTECH,Mar 2021,75379,55331,20048.0,27.0,927,511,4611,15853,30.0,11169,41.0,24.0,14.817124132716009,26.596266864776663,0.6779076400589024
564,HCLTECH,Mar 2022,85651,65122,20529.0,24.0,1067,319,4326,16951,20.0,13523,50.0,84.0,15.78849050215409,23.96819651842944,0.37244165275361646
565,HCLTECH,Mar 2023,101456,78828,22628.0,22.0,1358,353,4145,19488,24.0,14845,55.0,88.0,14.631958681595963,22.303264469326606,0.3479340797981391
566,HCLTECH,Mar 2024,109913,85715,24198.0,22.0,1495,553,4173,20967,25.0,15710,58.0,90.0,14.293122742532729,22.015594151738192,0.5031251990210439
567,HCLTECH,TTM,115308,90169,25139.0,22.0,2452,659,4137,22795,,17085,63.0,,14.816838380684775,21.801609602109135,0.571512817844382
568,HDFCBANK,Mar 2013,35861,19695,12631.0,3534.0,10,7133,663,10004,31.0,6903,14.0,19.0,19.249323777920306,35.22210758205293,19.890689049385127
569,HDFCBANK,Mar 2014,42555,23445,13508.0,5602.0,13,8298,689,13211,34.0,8768,18.0,19.0,20.60392433321584,31.742450945834804,19.49947127247092
570,HDFCBANK,Mar 2015,50666,27288,16164.0,7214.0,14,9546,680,16079,33.0,10703,21.0,19.0,21.12462006079027,31.903051355938892,18.841037382070816
571,HDFCBANK,Mar 2016,63162,34070,20055.0,9037.0,14,11212,738,19511,34.0,12821,25.0,19.0,20.298597257844907,31.751686140400874,17.751179506665398
572,HDFCBANK,Mar 2017,73271,38042,23856.0,11374.0,16,12905,886,23393,35.0,15317,30.0,18.0,20.904587080836894,32.558583887213224,17.612698066083443
573,HDFCBANK,Mar 2018,85288,42381,29532.0,13374.0,16,16057,967,28464,35.0,18561,36.0,18.0,21.76273332708001,34.62620767282619,18.8267986117625
574,HDFCBANK,Mar 2019,105161,53713,34856.0,16592.0,16,18947,1221,34318,35.0,22446,41.0,18.0,21.34441475451926,33.145367579235646,18.01713563012904
575,HDFCBANK,Mar 2020,122189,62137,45459.0,14593.0,12,24879,1277,38195,29.0,27296,50.0,5.0,22.339163099788035,37.203839952859916,20.361079966281746
576,HDFCBANK,Mar 2021,128552,59248,52457.0,16848.0,13,27333,1385,42796,26.0,31857,58.0,11.0,24.78141141328023,40.80605513722074,21.262212956624555
577,HDFCBANK,Mar 2022,135936,58584,56557.0,20795.0,15,31759,1681,50873,25.0,38151,69.0,23.0,28.06541313559322,41.60560852165725,23.363200329566855
578,HDFCBANK,Mar 2023,170754,77780,63042.0,29932.0,18,33912,2345,61498,25.0,46149,82.0,23.0,27.026599669700268,36.91977933167012,19.86014968902632
579,HDFCBANK,Mar 2024,283649,154139,174196.0,-44685.0,-16,124346,3092,76569,15.0,65446,84.0,23.0,23.07288232992184,61.41252040373843,43.83798285909698
580,HDFCBANK,TTM,329022,180600,206009.0,-57587.0,-18,146017,0,88430,,72168,91.0,,21.934095592391998,62.61253046908717,44.379099269957635
581,HDFCLIFE,Mar 2013,14060,15,13535.0,525.0,4,28,35,502,11.0,447,2.0,0.0,3.1792318634423897,96.26600284495022,0.1991465149359886
582,HDFCLIFE,Mar 2014,17166,11,16561.0,605.0,4,241,41,794,9.0,725,4.0,14.0,4.223464988931609,96.47559128509845,1.4039380170103695
583,HDFCLIFE,Mar 2015,27215,-14,26341.0,874.0,3,79,43,924,15.0,786,4.0,18.0,2.8881131728826013,96.78853573397024,0.2902810949843836
584,HDFCLIFE,Mar 2016,18141,8,17187.0,953.0,5,108,45,1008,19.0,817,4.0,22.0,4.503610605810043,94.74119398048619,0.5953365305109971
585,HDFCLIFE,Mar 2017,30647,9,29674.0,972.0,3,139,41,1061,16.0,887,4.0,25.0,2.8942473977877117,96.82513786014944,0.4535517342643651
586,HDFCLIFE,Mar 2018,32260,11,31186.0,1074.0,3,282,44,1300,15.0,1107,6.0,25.0,3.4314941103533787,96.67079975201489,0.8741475511469312
587,HDFCLIFE,Mar 2019,38855,14,37640.0,1215.0,3,136,45,1291,1.0,1278,6.0,26.0,3.289151975292755,96.87298931926392,0.35001930253506625
588,HDFCLIFE,Mar 2020,29380,0,28239.0,1141.0,4,369,47,1463,11.0,1297,6.0,0.0,4.414567733151804,96.11640571817563,1.2559564329475834
589,HDFCLIFE,Mar 2021,71528,0,70294.0,1235.0,2,445,51,1629,16.0,1361,7.0,30.0,1.9027513700928307,98.27480147634493,0.6221339894866346
590,HDFCLIFE,Mar 2022,67126,0,66348.0,778.0,1,766,56,1487,11.0,1327,6.0,27.0,1.976879301611894,98.84098560915294,1.1411375621964663
591,HDFCLIFE,Mar 2023,70207,0,70127.0,80.0,0,1437,76,1441,5.0,1368,6.0,30.0,1.9485236514877435,99.88605124845101,2.046804449698748
592,HDFCLIFE,Mar 2024,101482,0,100951.0,531.0,1,525,79,977,-61.0,1574,7.0,27.0,1.5510139729213062,99.47675449833469,0.5173331231154293
593,HDFCLIFE,TTM,100772,0,100048.0,725.0,1,514,0,1239,,1747,8.0,,1.7336164807684673,99.28154646131861,0.5100623188981066
594,HEROMOTOCO,Mar 2014,25275,12,21722.0,3553.0,14,430,1107,2864,26.0,2102,105.0,62.0,8.316518298714143,85.94263105835806,1.7012858555885264
595,HEROMOTOCO,Mar 2015,27538,12,24018.0,3520.0,13,325,540,3292,29.0,2364,118.0,51.0,8.584501416224853,87.21766286585809,1.1801873774420801
596,HEROMOTOCO,Mar 2016,28457,15,24033.0,4424.0,16,421,443,4387,29.0,3112,157.0,46.0,10.935797870471237,84.45373721755631,1.4794250975155498
597,HEROMOTOCO,Mar 2017,28610,27,24025.0,4585.0,16,830,502,4885,27.0,3546,179.0,47.0,12.394267738552953,83.9741349178609,2.9010835372247463
598,HEROMOTOCO,Mar 2018,32458,31,27124.0,5334.0,16,564,575,5292,30.0,3722,186.0,51.0,11.467126748413333,83.56645511122065,1.7376301682173887
599,HEROMOTOCO,Mar 2019,33971,37,28946.0,5025.0,15,741,624,5104,32.0,3466,172.0,50.0,10.202820052397634,85.2079715051073,2.181272261634924
600,HEROMOTOCO,Mar 2020,29254,47,25184.0,4070.0,14,1434,846,4611,21.0,3659,182.0,49.0,12.50769125589663,86.0873726669857,4.901893758118548
601,HEROMOTOCO,Mar 2021,30959,46,26902.0,4058.0,13,553,715,3849,24.0,2936,146.0,72.0,9.483510449303918,86.89557156238897,1.786233405471753
602,HEROMOTOCO,Mar 2022,29551,53,26295.0,3256.0,11,545,690,3058,24.0,2329,116.0,82.0,7.881289973266556,88.98176034651958,1.8442692294676999
603,HEROMOTOCO,Mar 2023,34158,105,30060.0,4099.0,12,567,697,3864,28.0,2800,141.0,71.0,8.197201241290474,88.00281046899701,1.659933251361321
604,HEROMOTOCO,Mar 2024,37789,76,32554.0,5235.0,14,689,757,5090,26.0,3742,187.0,75.0,9.902352536452407,86.14676228532112,1.8232819074333801
605,HEROMOTOCO,TTM,40098,68,34537.0,5561.0,14,929,802,5620,,4133,207.0,,10.307247244251585,86.13147787919597,2.31682378173475
606,HINDALCO,Mar 2013,80193,2079,72494.0,7699.0,10,1111,2822,3909,23.0,3007,16.0,6.0,3.749703839487237,90.39941141994937,1.3854077039143067
607,HINDALCO,Mar 2014,87695,2702,79671.0,8024.0,9,677,3347,2653,20.0,2195,11.0,9.0,2.5029933291521753,90.85010547921775,0.7719938422943156
608,HINDALCO,Mar 2015,104281,4178,95437.0,8844.0,8,-832,3493,340,75.0,259,4.0,24.0,0.248367391950595,91.51906867022755,-0.797844286111564
609,HINDALCO,Mar 2016,98759,5134,90981.0,7778.0,8,1500,4347,-203,99.0,-702,-1.0,-82.0,-0.7108212922366569,92.12426209256877,1.5188489150355917
610,HINDALCO,Mar 2017,100184,5742,87867.0,12317.0,12,1198,4457,3315,43.0,1882,8.0,13.0,1.8785434799968057,87.70562165615267,1.1957997284995607
611,HINDALCO,Mar 2018,115183,3911,101488.0,13695.0,12,2879,4506,8157,25.0,6083,27.0,4.0,5.281161282480921,88.1102245991162,2.499500794388061
612,HINDALCO,Mar 2019,130542,3778,115031.0,15511.0,12,1127,4777,8083,32.0,5495,24.0,5.0,4.209373228539474,88.11800033705627,0.8633236812673316
613,HINDALCO,Mar 2020,118144,4197,103838.0,14306.0,12,906,5091,5924,36.0,3767,17.0,6.0,3.188481852654388,87.89104821235102,0.7668607800650054
614,HINDALCO,Mar 2021,132008,3738,114449.0,17559.0,13,-987,6628,6206,44.0,3483,16.0,19.0,2.6384764559723655,86.69853342221684,-0.7476819586691716
615,HINDALCO,Mar 2022,195059,3768,166712.0,28347.0,15,1253,6729,19103,28.0,13730,61.0,6.0,7.038895923797416,85.46747394378112,0.6423697445388318
616,HINDALCO,Mar 2023,223202,3646,200536.0,22666.0,10,1307,7086,13241,24.0,10097,45.0,7.0,4.523704984722359,89.84507307282192,0.5855682296753613
617,HINDALCO,Mar 2024,215962,3858,192090.0,23872.0,11,1519,7521,14012,28.0,10155,45.0,8.0,4.702216130615571,88.94620349876368,0.7033644807882868
618,HINDALCO,TTM,224018,3560,196087.0,27931.0,12,1300,7716,17955,,12488,56.0,,5.574552044924961,87.53180547991678,0.580310510762528
619,HINDUNILVR,Mar 2013,27004,26,22784.0,4220.0,16,1123,251,5066,24.0,3839,18.0,104.0,14.216412383350615,84.37268552806991,4.158643163975707
620,HINDUNILVR,Mar 2014,29234,41,24475.0,4759.0,16,792,296,5215,24.0,3956,18.0,71.0,13.532188547581583,83.72100978312923,2.7091742491619346
621,HINDUNILVR,Mar 2015,31972,18,26560.0,5412.0,17,1247,322,6320,31.0,4376,20.0,74.0,13.68697610409108,83.07268860252721,3.90028775178281
622,HINDUNILVR,Mar 2016,32186,17,26276.0,5910.0,18,486,353,6026,31.0,4151,19.0,83.0,12.896911700739452,81.63797924563475,1.5099732803082084
623,HINDUNILVR,Mar 2017,33162,35,26834.0,6328.0,19,606,432,6467,31.0,4490,21.0,82.0,13.539593510644716,80.91791809902901,1.8273927989867922
624,HINDUNILVR,Mar 2018,35545,26,28046.0,7499.0,21,353,520,7306,28.0,5227,24.0,83.0,14.705303136868759,78.90279926853285,0.9931073287382192
625,HINDUNILVR,Mar 2019,39310,33,30430.0,8880.0,23,322,565,8604,30.0,6060,28.0,78.0,15.41592470109387,77.41032816077335,0.819129992368354
626,HINDUNILVR,Mar 2020,39783,118,29922.0,9861.0,25,424,1002,9165,26.0,6756,31.0,80.0,16.982128044642185,75.21303069150139,1.0657818666264485
627,HINDUNILVR,Mar 2021,47028,117,35402.0,11626.0,25,170,1074,10605,25.0,7999,34.0,119.0,17.00901590541805,75.27855745513311,0.3614867738368631
628,HINDUNILVR,Mar 2022,52446,106,39589.0,12857.0,25,219,1091,11879,25.0,8892,38.0,90.0,16.954581855622926,75.48526103039318,0.41757236014186017
629,HINDUNILVR,Mar 2023,60580,114,46433.0,14147.0,23,448,1137,13344,24.0,10143,43.0,91.0,16.743149554308353,76.64740838560581,0.7395179927368769
630,HINDUNILVR,Mar 2024,61896,334,47237.0,14659.0,24,817,1216,13926,26.0,10282,44.0,96.0,16.611735814915342,76.31672482874498,1.319956055318599
631,HINDUNILVR,TTM,62661,420,47902.0,14759.0,24,1461,1328,14472,,10757,46.0,,17.16697786501971,76.44627439715293,2.331593814334275
632,ICICIBANK,Mar 2013,44885,28285,31684.0,-15085.0,-34,29320,625,13610,26.0,10130,15.0,24.0,22.568786899855187,70.58928372507519,65.3224908098474
633,ICICIBANK,Mar 2014,49479,29711,32852.0,-13084.0,-26,30085,719,16282,28.0,11677,17.0,24.0,23.599911073384668,66.39584470179268,60.803573233088784
634,ICICIBANK,Mar 2015,54964,32318,38766.0,-16120.0,-29,35252,798,18334,29.0,12942,19.0,24.0,23.546321228440434,70.52980132450331,64.13652572592969
635,ICICIBANK,Mar 2016,59294,33996,52252.0,-26955.0,-45,42102,843,14304,24.0,10927,16.0,29.0,18.428508786723782,88.12358754680069,71.0054980267818
636,ICICIBANK,Mar 2017,60940,34836,63841.0,-37737.0,-62,52458,912,13809,18.0,11340,16.0,14.0,18.608467344929437,104.76042008532984,86.08139153265508
637,ICICIBANK,Mar 2018,62162,34262,72806.0,-44906.0,-72,56807,922,10978,17.0,9100,12.0,12.0,14.63916862391815,117.12300119043788,91.38541230977124
638,ICICIBANK,Mar 2019,71982,39178,83775.0,-50971.0,-71,59325,946,7408,23.0,5689,7.0,15.0,7.903364730071407,116.38326248228724,82.416437442694
639,ICICIBANK,Mar 2020,84836,44666,85361.0,-45190.0,-53,64950,1171,18589,40.0,11225,15.0,0.0,13.231411193361309,100.6188410580414,76.55947946626432
640,ICICIBANK,Mar 2021,89163,42659,91309.0,-44805.0,-50,72174,1340,26028,22.0,20364,27.0,8.0,22.83907001783251,102.40682794432668,80.94613236432153
641,ICICIBANK,Mar 2022,95407,41167,80798.0,-26558.0,-28,62129,1330,34241,25.0,26538,36.0,14.0,27.815569088222038,84.68770635278334,65.11995975138093
642,ICICIBANK,Mar 2023,121067,50543,87864.0,-17341.0,-14,65112,1515,46256,26.0,35461,49.0,16.0,29.290392922926973,72.57469004765956,53.781790248374875
643,ICICIBANK,Mar 2024,159516,74108,99560.0,-14152.0,-9,76522,1935,60434,26.0,46081,63.0,16.0,28.888011233982798,62.41380175029464,47.97136337420697
644,ICICIBANK,TTM,180551,86404,125722.0,-31575.0,-17,101817,0,70242,,52416,70.0,,29.031132477804057,69.63240303293806,56.39237666919597
645,ICICIGI,Mar 2013,4012,8,4191.0,-178.0,-4,586,49,351,0.0,353,8.0,0.0,8.798604187437686,104.46161515453637,14.606181455633099
646,ICICIGI,Mar 2014,4352,9,4578.0,-225.0,-5,817,50,533,3.0,520,12.0,0.0,11.948529411764707,105.19301470588236,18.77297794117647
647,ICICIGI,Mar 2015,4234,12,4456.0,-221.0,-5,992,54,705,17.0,585,13.0,15.0,13.816721776098253,105.24326877657062,23.429381199811054
648,ICICIGI,Mar 2016,6033,0,5269.0,764.0,13,0,57,708,28.0,507,11.0,26.0,8.403779214321233,87.33631692358695,0.0
649,ICICIGI,Mar 2017,7520,0,6601.0,919.0,12,-2,7,910,23.0,702,16.0,22.0,9.335106382978724,87.77925531914894,-0.026595744680851064
650,ICICIGI,Mar 2018,6912,59,7174.0,-262.0,-4,1569,51,1196,28.0,862,19.0,17.0,12.471064814814815,103.79050925925925,22.69965277777778
651,ICICIGI,Mar 2019,11163,70,9494.0,1669.0,15,-2,0,1598,34.0,1049,23.0,26.0,9.39711547075159,85.04882200125414,-0.017916330735465377
652,ICICIGI,Mar 2020,11517,0,9745.0,1772.0,15,15,90,1697,30.0,1194,26.0,13.0,10.367283146652774,84.61404879742989,0.13024225058609012
653,ICICIGI,Mar 2021,12161,0,10090.0,2072.0,17,12,130,1954,25.0,1473,32.0,25.0,12.112490749116027,82.97015048104596,0.09867609571581284
654,ICICIGI,Mar 2022,16026,0,15010.0,1016.0,6,809,141,1684,24.0,1271,26.0,35.0,7.93086234868339,93.660302009235,5.048046923748908
655,ICICIGI,Mar 2023,17876,0,16612.0,1264.0,7,991,142,2113,18.0,1729,35.0,31.0,9.672186171402998,92.92906690534795,5.543745804430522
656,ICICIGI,Mar 2024,20487,0,17910.0,2577.0,13,112,134,2555,25.0,1919,39.0,28.0,9.366915605017816,87.42129155073948,0.5466881437008835
657,ICICIGI,TTM,23301,0,19938.0,3363.0,14,-12,0,3351,,2518,51.0,,10.806403158662718,85.5671430410712,-0.05149993562508047
658,ICICIPRULI,Mar 2013,20025,14,19280.0,745.0,4,900,41,1591,5.0,1515,11.0,32.0,7.5655430711610485,96.27965043695382,4.49438202247191
659,ICICIPRULI,Mar 2014,21888,15,20384.0,1504.0,7,129,47,1572,1.0,1561,11.0,70.0,7.131761695906433,93.12865497076024,0.5893640350877193
660,ICICIPRULI,Mar 2015,34453,17,32798.0,1655.0,5,43,40,1642,0.0,1640,11.0,51.0,4.760107973180855,95.1963544538937,0.12480770905291268
661,ICICIPRULI,Mar 2016,20849,0,19008.0,1842.0,9,0,0,1842,10.0,1650,12.0,73.0,7.91404863542616,91.16984028010936,0.0
662,ICICIPRULI,Mar 2017,37816,15,36010.0,1806.0,5,130,58,1863,10.0,1682,12.0,63.0,4.447852760736196,95.22424370636767,0.3437698328749736
663,ICICIPRULI,Mar 2018,38832,20,37062.0,1771.0,5,132,44,1839,12.0,1619,11.0,59.0,4.169241862381541,95.44190358467245,0.3399258343634116
664,ICICIPRULI,Mar 2019,41463,23,40922.0,541.0,1,813,57,1274,11.0,1139,8.0,40.0,2.747027470274703,98.69522224634011,1.9607843137254901
665,ICICIPRULI,Mar 2020,21025,0,21344.0,-319.0,-2,1578,61,1198,11.0,1067,7.0,11.0,5.074910820451843,101.51724137931035,7.505350772889417
666,ICICIPRULI,Mar 2021,83182,0,83572.0,-390.0,0,1669,60,1219,22.0,956,7.0,30.0,1.1492871053833762,100.46885143420452,2.0064437017624
667,ICICIPRULI,Mar 2022,63564,0,65728.0,-2163.0,-3,3191,67,961,21.0,759,5.0,10.0,1.194072116292241,103.40444276634572,5.020137184569882
668,ICICIPRULI,Mar 2023,50478,0,52235.0,-1757.0,-3,2925,84,1085,25.0,813,6.0,11.0,1.6106026387733272,103.48072427592219,5.794603589682634
669,ICICIPRULI,Mar 2024,90307,0,92136.0,-1829.0,-2,2970,113,1028,17.0,851,6.0,10.0,0.942341125272681,102.02531365231931,3.288781600540379
670,ICICIPRULI,TTM,77572,0,77251.0,321.0,0,933,0,1254,,974,7.0,,1.2556076934976539,99.5861908936214,1.2027535708760893
697,INDUSINDBK,Mar 2013,6983,4750,1947.0,286.0,4,1363,73,1576,33.0,1061,20.0,15.0,15.194042675068022,27.881999140770443,19.518831447801805
698,INDUSINDBK,Mar 2014,8254,5363,2555.0,335.0,4,1891,98,2128,34.0,1408,27.0,13.0,17.058395929246426,30.95468863581294,22.910104191906953
699,INDUSINDBK,Mar 2015,9692,6272,3133.0,288.0,3,2548,127,2709,34.0,1794,34.0,12.0,18.510111432108957,32.32562938505985,26.289723483285183
700,INDUSINDBK,Mar 2016,11872,7355,4188.0,329.0,3,3297,157,3469,34.0,2286,38.0,12.0,19.255390835579515,35.27628032345013,27.77122641509434
701,INDUSINDBK,Mar 2017,14406,8343,5684.0,379.0,3,4171,191,4360,34.0,2868,48.0,13.0,19.908371511870055,39.455782312925166,28.95321393863668
702,INDUSINDBK,Mar 2018,17281,9783,6555.0,942.0,5,4750,212,5481,34.0,3606,60.0,12.0,20.866847983334296,37.931832648573575,27.486835252589547
703,INDUSINDBK,Mar 2019,22261,13415,9283.0,-437.0,-2,5647,229,4981,34.0,3301,55.0,14.0,14.82862405103095,41.70073222227214,25.367234176362246
704,INDUSINDBK,Mar 2020,28783,16724,12611.0,-553.0,-2,6951,278,6121,28.0,4418,64.0,0.0,15.349338150991903,43.81405690859187,24.14967168120071
705,INDUSINDBK,Mar 2021,29000,15472,15997.0,-2469.0,-9,6559,305,3784,25.0,2836,37.0,14.0,9.779310344827588,55.16206896551724,22.617241379310347
706,INDUSINDBK,Mar 2022,30822,15822,15840.0,-839.0,-3,7334,321,6174,25.0,4611,60.0,14.0,14.960093439750827,51.39186295503212,23.794692103043282
707,INDUSINDBK,Mar 2023,36368,18776,15525.0,2067.0,6,8166,373,9860,25.0,7390,95.0,15.0,20.320061592608887,42.68862736471624,22.453805543334802
708,INDUSINDBK,Mar 2024,45748,25132,17638.0,2978.0,7,9388,425,11942,25.0,8950,115.0,14.0,19.56369677362945,38.55469091544986,20.521115677188074
709,INDUSINDBK,TTM,49004,27577,20104.0,1323.0,3,9521,0,10844,,8122,104.0,,16.57415721165619,41.02522243082197,19.429026201942698
710,INFY,Mar 2013,40352,28814,11538.0,29.0,2365,5,1099,12799,26.0,9429,21.0,25.0,23.366871530531323,28.59337827121332,0.012390959555908009
711,INFY,Mar 2014,50133,36743,13390.0,27.0,2664,9,1317,14728,28.0,10656,23.0,34.0,21.255460475136136,26.70895418187621,0.017952247022919036
712,INFY,Mar 2015,53319,38436,14883.0,28.0,3430,12,1017,17284,28.0,12372,27.0,55.0,23.20373600405109,27.913126652787934,0.022506048500534517
713,INFY,Mar 2016,62441,45362,17079.0,27.0,3120,0,1459,18740,28.0,13489,29.0,41.0,21.602793036626576,27.352220496148366,0.0
714,INFY,Mar 2017,68484,49880,18604.0,27.0,3050,0,1703,19951,28.0,14353,31.0,41.0,20.958180012849716,27.165469306699375,0.0
715,INFY,Mar 2018,70522,51700,18822.0,27.0,3311,0,1863,20270,21.0,16029,37.0,59.0,22.729077451008195,26.68954368849437,0.0
716,INFY,Mar 2019,82675,62505,20170.0,24.0,2882,0,2011,21041,27.0,15410,35.0,60.0,18.639250075597218,24.396734200181434,0.0
717,INFY,Mar 2020,90791,68524,22267.0,25.0,2803,170,2893,22007,24.0,16639,39.0,45.0,18.32670639160269,24.525558700752278,0.18724322895441178
718,INFY,Mar 2021,100472,72583,27889.0,28.0,2201,195,3267,26628,27.0,19423,45.0,59.0,19.331754120550997,27.757982323433396,0.19408392387928974
719,INFY,Mar 2022,121641,90150,31491.0,26.0,2295,200,3476,30110,26.0,22146,53.0,59.0,18.20603250548746,25.88847510296693,0.16441824713706726
720,INFY,Mar 2023,146767,111637,35130.0,24.0,2701,284,4225,33322,28.0,24108,58.0,73.0,16.426035825492104,23.93589839677857,0.19350398931639945
721,INFY,Mar 2024,153670,117245,36425.0,24.0,4711,470,4678,35988,27.0,26248,63.0,,17.08075746730006,23.703390381987376,0.3058501984772565
722,INFY,TTM,159988,121843,38145.0,24.0,5138,424,4675,38184,,27687,67.0,,17.30567292546941,23.842413180988576,0.2650198764907368
723,IOC,Mar 2013,461780,447919,13861.0,3.0,3499,7164,5692,4504,19.0,3627,3.0,36.0,0.7854389536142752,3.0016458053618607,1.5513881068907271
724,IOC,Mar 2014,488345,471123,17222.0,4.0,5064,5948,6360,9978,30.0,6967,5.0,30.0,1.4266553358793475,3.526605166429471,1.2179913790455517
725,IOC,Mar 2015,449507,438932,10575.0,2.0,5860,4201,5219,7014,31.0,4872,3.0,33.0,1.0838540890353208,2.352577379217676,0.9345794392523363
726,IOC,Mar 2016,346045,324007,22038.0,6.0,5219,3487,5698,18072,31.0,12413,8.0,28.0,3.587105723244087,6.3685358840613215,1.0076724125475012
727,IOC,Mar 2017,355379,321230,34149.0,10.0,4356,3743,6806,27956,27.0,20385,14.0,45.0,5.736129596852938,9.609177807354964,1.0532417503566613
728,IOC,Mar 2018,421492,379834,41658.0,10.0,4331,3875,7664,34450,34.0,22626,15.0,90.0,5.36807341539104,9.883461607812247,0.9193531549827754
729,IOC,Mar 2019,528158,492896,35262.0,7.0,4097,4925,8506,25927,33.0,17274,12.0,49.0,3.2706122031664764,6.676411225428754,0.9324861121103912
730,IOC,Mar 2020,483763,467710,16053.0,3.0,-7165,5792,10273,-7177,-74.0,-1876,-1.0,-437.0,-0.3877931962551911,3.31836043682547,1.1972804865192253
731,IOC,Mar 2021,363950,324021,39929.0,11.0,4696,2933,10941,30751,29.0,21762,15.0,51.0,5.9793927737326555,10.971012501717269,0.8058799285616156
732,IOC,Mar 2022,589321,541563,47758.0,8.0,4332,5454,12348,34289,25.0,25727,18.0,46.0,4.365532536597202,8.103902626921492,0.925471856594284
733,IOC,Mar 2023,841756,811073,30683.0,4.0,5124,7588,13181,15038,22.0,11704,7.0,42.0,1.3904266794653084,3.6451180627165116,0.9014488759212883
734,IOC,Mar 2024,776352,700706,75646.0,10.0,5389,7881,15866,57288,25.0,43161,30.0,40.0,5.559462717942377,9.743776019125345,1.015132311116607
735,IOC,TTM,761485,728555,32930.0,4.0,7285,9231,16546,14438,,10909,8.0,,1.4325955205946275,4.324444998916591,1.2122366166109642
736,IRCTC,Mar 2015,1059,907,152.0,14.0,82,0,20,214,39.0,131,13.0,20.0,12.370160528800756,14.353163361661943,0.0
737,IRCTC,Mar 2016,1367,1176,190.0,14.0,139,0,21,309,39.0,189,19.0,40.0,13.825896122896856,13.89904901243599,0.0
738,IRCTC,Mar 2017,1520,1206,314.0,21.0,67,3,22,355,35.0,229,11.0,49.0,15.06578947368421,20.657894736842106,0.19736842105263158
739,IRCTC,Mar 2018,1466,1192,274.0,19.0,99,3,24,346,36.0,221,11.0,21.0,15.075034106412005,18.69031377899045,0.20463847203274216
740,IRCTC,Mar 2019,1870,1487,383.0,20.0,126,2,29,479,36.0,309,4.0,98.0,16.524064171122994,20.481283422459892,0.10695187165775401
741,IRCTC,Mar 2020,2264,1562,703.0,31.0,77,10,40,730,30.0,513,6.0,39.0,22.659010600706715,31.051236749116605,0.441696113074205
742,IRCTC,Mar 2021,777,589,188.0,24.0,124,8,46,258,27.0,187,2.0,43.0,24.066924066924066,24.195624195624195,1.0296010296010296
743,IRCTC,Mar 2022,1879,1005,874.0,47.0,72,11,49,885,26.0,660,8.0,42.0,35.125066524747204,46.514103246407664,0.5854177754124534
744,IRCTC,Mar 2023,3541,2265,1276.0,36.0,148,16,54,1354,26.0,1006,13.0,44.0,28.410053657158997,36.0350183563965,0.451849759954815
745,IRCTC,Mar 2024,4270,2804,1466.0,34.0,106,19,57,1496,26.0,1111,14.0,47.0,26.01873536299766,34.33255269320843,0.44496487119437944
746,IRCTC,TTM,4455,2950,1505.0,34.0,185,16,56,1617,,1200,15.0,,26.936026936026934,33.78226711560045,0.3591470258136925
747,IRFC,Mar 2013,5550,22,5528.0,100.0,2,4075,0,1454,64.0,522,222.0,21.0,9.405405405405405,99.6036036036036,73.42342342342343
748,IRFC,Mar 2014,6197,19,6178.0,100.0,1,4607,0,1572,55.0,701,209.0,6.0,11.311925125060514,99.69340003227369,74.34242375342907
749,IRFC,Mar 2015,6939,34,6905.0,100.0,1,4992,0,1914,60.0,758,212.0,20.0,10.923764231157227,99.5100158524283,71.9412019022914
750,IRFC,Mar 2016,7507,38,7468.0,99.0,1,5519,0,1950,56.0,849,188.0,40.0,11.309444518449448,99.48048488077794,73.51804982016785
751,IRFC,Mar 2017,9047,26,9021.0,100.0,0,6888,0,2133,56.0,934,143.0,40.0,10.323864264397038,99.71261191555212,76.13573560296231
752,IRFC,Mar 2018,9267,38,9229.0,100.0,1,6638,0,2592,21.0,2055,3.0,18.0,22.17546131434121,99.58994280781268,71.63051688788174
753,IRFC,Mar 2019,11134,48,11085.0,100.0,0,8183,0,2902,22.0,2255,2.0,18.0,20.25327824681157,99.55990659241961,73.4955990659242
754,IRFC,Mar 2020,13421,66,13355.0,100.0,0,10163,0,3192,0.0,3192,3.0,0.0,23.783622680873258,99.50823336562105,75.72461068474779
755,IRFC,Mar 2021,15771,113,15657.0,99.0,0,11237,4,4416,0.0,4416,3.0,31.0,28.000760890241583,99.27715427049648,71.25103037220214
756,IRFC,Mar 2022,20299,123,20177.0,99.0,2,14075,14,6090,0.0,6090,5.0,30.0,30.001477905315532,99.39898517168334,69.33839105374649
757,IRFC,Mar 2023,23722,134,23588.0,99.0,41,17447,14,6167,0.0,6167,5.0,32.0,25.996964842761994,99.4351235140376,73.54776157153697
758,IRFC,Mar 2024,26645,133,26513.0,100.0,10,20101,9,6412,0.0,6412,5.0,31.0,24.064552448864703,99.50459748545694,75.44004503659222
759,IRFC,TTM,26902,144,26758.0,99.0,8,20223,6,6537,,6537,5.0,,24.299308601590962,99.46472381235596,75.17284960226004
760,ITC,Mar 2013,31618,20398,11221.0,35.0,852,108,859,11106,31.0,7704,6.0,55.0,24.36586754380416,35.48927825921943,0.341577582389778
761,ITC,Mar 2014,35306,22227,13080.0,37.0,966,29,965,13052,31.0,9001,7.0,54.0,25.49425026907608,37.04752733246474,0.08213901319888971
762,ITC,Mar 2015,38817,24566,14252.0,37.0,1229,91,1028,14362,32.0,9779,8.0,52.0,25.192570265605273,36.715871911791226,0.2344333668238143
763,ITC,Mar 2016,39192,24661,14531.0,37.0,1483,78,1077,14859,36.0,9501,8.0,73.0,24.242192284139623,37.07644417228006,0.1990202082057563
764,ITC,Mar 2017,42768,27298,15470.0,36.0,1759,49,1153,16026,35.0,10477,8.0,56.0,24.497287691732136,36.171904227459784,0.11457164234942013
765,ITC,Mar 2018,43449,26928,16521.0,38.0,2240,115,1236,17409,34.0,11493,9.0,56.0,26.45170199544293,38.02389007802251,0.2646781283804
766,ITC,Mar 2019,48340,29802,18537.0,38.0,2080,71,1397,19150,33.0,12836,10.0,56.0,26.553578816714936,38.347124534546964,0.14687629292511378
767,ITC,Mar 2020,49388,30044,19344.0,39.0,2417,81,1645,20035,22.0,15593,12.0,82.0,31.57244674819794,39.16740908722767,0.1640074512027213
768,ITC,Mar 2021,49257,32193,17065.0,35.0,2577,58,1646,17938,25.0,13383,11.0,101.0,27.16974237164261,34.64482205574842,0.11774976145522463
769,ITC,Mar 2022,60645,40021,20623.0,34.0,1910,60,1732,20740,25.0,15503,12.0,93.0,25.563525434908072,34.00610108005606,0.09893643334157803
770,ITC,Mar 2023,70919,45215,25704.0,36.0,2098,78,1809,25915,25.0,19477,15.0,100.0,27.463726222873987,36.24416587938352,0.10998463035293785
771,ITC,Mar 2024,70866,44634,26233.0,37.0,2804,80,1816,27140,24.0,20751,16.0,84.0,29.282025230717128,37.0177518132814,0.11288911466711823
772,ITC,TTM,75135,48495,26640.0,35.0,2655,54,1940,27302,,20829,16.0,,27.722100219604712,35.456178878019564,0.07187063286085048
773,JINDALSTEL,Mar 2013,19807,13701,6106.0,31.0,333,1067,1539,3833,24.0,2952,31.0,5.0,14.903821881153128,30.82748523249356,5.386984399454739
774,JINDALSTEL,Mar 2014,19286,13487,5799.0,30.0,349,1807,1829,2512,25.0,1896,21.0,7.0,9.830965467178263,30.068443430467696,9.369490822358188
775,JINDALSTEL,Mar 2015,19401,13937,5464.0,28.0,-1399,2875,2733,-1543,-6.0,-1452,-14.0,0.0,-7.48415030153085,28.163496726972838,14.818823771970516
776,JINDALSTEL,Mar 2016,19469,16032,3437.0,18.0,-79,3254,4068,-3964,-22.0,-3087,-32.0,0.0,-15.855976167240229,17.653705891417122,16.713750064204632
777,JINDALSTEL,Mar 2017,21603,16894,4709.0,22.0,-362,3441,3949,-3043,-17.0,-2538,-25.0,0.0,-11.74836828218303,21.797898440031478,15.928343285654769
778,JINDALSTEL,Mar 2018,33286,26817,6469.0,19.0,-584,3866,3883,-1864,-13.0,-1616,-15.0,0.0,-4.85489394940816,19.43459712792165,11.614492579462837
779,JINDALSTEL,Mar 2019,46966,38553,8412.0,18.0,-1470,4264,5480,-2802,-14.0,-2412,-17.0,0.0,-5.135630030234638,17.910829110420305,9.078908146318614
780,JINDALSTEL,Mar 2020,37923,31092,6831.0,18.0,74,3768,3429,-291,37.0,-400,-1.0,0.0,-1.0547688737705352,18.01281544181631,9.93592279091844
781,JINDALSTEL,Mar 2021,34579,23646,10933.0,32.0,313,2753,2414,6078,30.0,4267,36.0,0.0,12.339859452268719,31.61745568119379,7.961479510685676
782,JINDALSTEL,Mar 2022,51166,35650,15515.0,30.0,-1840,1888,2097,9690,30.0,6766,56.0,5.0,13.223625063518742,30.322870656295198,3.6899503576593826
783,JINDALSTEL,Mar 2023,53212,43270,9942.0,19.0,-539,1446,2691,5266,25.0,3974,31.0,6.0,7.468240246560925,18.683755543862286,2.7174321581598138
784,JINDALSTEL,Mar 2024,50354,40153,10202.0,20.0,156,1294,2822,6241,5.0,5943,58.0,3.0,11.802438733764944,20.260555268697622,2.5698057751122056
785,JINDALSTEL,TTM,50019,39693,10327.0,21.0,139,1293,3009,6163,,5060,50.0,,10.116155860772906,20.646154461304704,2.585017693276555
786,JIOFIN,Mar 2023,45,6,39.0,88.0,10,0,0,49,37.0,31,,0.0,68.88888888888889,86.66666666666667,0.0
787,JIOFIN,Mar 2024,1855,296,1559.0,84.0,429,10,22,1956,18.0,1605,3.0,0.0,86.52291105121293,84.04312668463612,0.5390835579514826
788,JIOFIN,TTM,1968,437,1531.0,78.0,435,0,22,1944,,1607,3.0,,81.65650406504065,77.79471544715447,0.0
789,JSWENERGY,Mar 2013,8870,6069,2801.0,32.0,9,963,662,1186,23.0,901,6.0,36.0,10.15783540022548,31.578354002254795,10.856820744081173
790,JSWENERGY,Mar 2014,8648,5394,3255.0,38.0,-179,1206,810,1060,27.0,760,5.0,43.0,8.788159111933396,37.638760407030524,13.945420906567993
791,JSWENERGY,Mar 2015,9347,5723,3624.0,39.0,196,1137,790,1892,27.0,1358,8.0,24.0,14.528725794372527,38.7717984380015,12.164330801326628
792,JSWENERGY,Mar 2016,9824,5796,4029.0,41.0,340,1498,854,2017,28.0,1460,9.0,22.0,14.861563517915311,41.01180781758957,15.248371335504887
793,JSWENERGY,Mar 2017,8263,4939,3324.0,40.0,221,1685,969,892,30.0,623,4.0,13.0,7.53963451530921,40.22752027108798,20.392109403364394
794,JSWENERGY,Mar 2018,8049,5336,2713.0,34.0,47,1456,966,338,75.0,85,0.0,0.0,1.0560318051931916,33.70605044104858,18.08920362777985
795,JSWENERGY,Mar 2019,9138,6283,2855.0,31.0,398,1192,1164,897,24.0,684,4.0,24.0,7.485226526592252,31.243160428977895,13.044429853359595
796,JSWENERGY,Mar 2020,8273,5316,2957.0,36.0,376,1051,1738,544,6.0,1081,7.0,15.0,13.066602199927473,35.74277771062492,12.703976791973892
797,JSWENERGY,Mar 2021,6922,4009,2913.0,42.0,248,896,1167,1099,25.0,823,5.0,41.0,11.889627275353943,42.08321294423577,12.94423577000867
798,JSWENERGY,Mar 2022,8167,4596,3572.0,44.0,575,777,1131,2238,22.0,1743,11.0,19.0,21.341986041386065,43.73699032692543,9.513897391943187
799,JSWENERGY,Mar 2023,10332,7050,3282.0,32.0,674,844,1169,1943,24.0,1480,9.0,22.0,14.3244289585753,31.765389082462253,8.168795973674023
800,JSWENERGY,Mar 2024,11486,6104,5382.0,47.0,472,2053,1633,2167,20.0,1725,10.0,19.0,15.018283127285393,46.857043357130415,17.873933484241686
801,JSWENERGY,TTM,11416,6034,5382.0,47.0,648,2083,1594,2352,,1988,11.0,,17.41415557112824,47.14435879467414,18.246320953048354
802,JSWSTEEL,Mar 2013,38210,31698,6512.0,17.0,-307,1967,2237,1999,42.0,929,4.0,30.0,2.431300706621303,17.042658989793246,5.147867050510337
803,JSWSTEEL,Mar 2014,51220,42051,9169.0,18.0,-1630,3048,3183,1308,70.0,402,2.0,74.0,0.7848496680983992,17.90121046466224,5.950800468566967
804,JSWSTEEL,Mar 2015,52972,43608,9364.0,18.0,103,3493,3434,2539,32.0,1722,7.0,19.0,3.2507739938080498,17.677263459941102,6.594049686626898
805,JSWSTEEL,Mar 2016,41546,35124,6422.0,15.0,-1966,3601,3323,-2468,-80.0,-481,-1.0,-67.0,-1.1577528522601455,15.457565108554375,8.667501083136763
806,JSWSTEEL,Mar 2017,55604,43296,12308.0,22.0,18,3768,3430,5128,33.0,3467,15.0,19.0,6.235162937918135,22.135098194374507,6.776490899935256
807,JSWSTEEL,Mar 2018,71933,57017,14916.0,21.0,-177,3701,3387,7651,20.0,6113,26.0,16.0,8.49818581179709,20.735962631893567,5.145065547106335
808,JSWSTEEL,Mar 2019,84757,65827,18930.0,22.0,196,3917,4041,11168,33.0,7524,32.0,16.0,8.877142890852673,22.334438453461072,4.621447196101797
809,JSWSTEEL,Mar 2020,73326,61513,11813.0,16.0,-289,4265,4246,3013,-30.0,3919,17.0,15.0,5.344625371628072,16.1102473883752,5.816490739983089
810,JSWSTEEL,Mar 2021,79839,59661,20178.0,25.0,473,3957,4679,12015,34.0,7873,33.0,25.0,9.861095454602388,25.273362642317664,4.956224401608236
811,JSWSTEEL,Mar 2022,146371,107257,39114.0,27.0,1600,4968,6001,29745,30.0,20938,85.0,25.0,14.304746158733629,26.722506507436584,3.394114954465024
812,JSWSTEEL,Mar 2023,165960,147490,18470.0,11.0,1561,6902,7474,5655,27.0,4139,17.0,25.0,2.4939744516751023,11.129187756085804,4.1588334538442995
813,JSWSTEEL,Mar 2024,175006,146849,28157.0,16.0,1500,8105,8172,13380,33.0,8973,36.0,25.0,5.127252779904689,16.089162657280323,4.631269785035942
814,JSWSTEEL,TTM,170274,147796,22478.0,13.0,267,8380,9006,5359,,3312,14.0,,1.9451002501849959,13.201075912940318,4.921479497750684
815,KOTAKBANK,Mar 2013,10838,6024,6603.0,-1789.0,-17,5112,179,3144,30.0,2238,15.0,2.0,20.64956634065326,60.92452482007751,47.16737405425355
816,KOTAKBANK,Mar 2014,11986,6312,7053.0,-1379.0,-12,5282,208,3695,32.0,2527,16.0,2.0,21.08293008509928,58.84365092608043,44.068079425997
817,KOTAKBANK,Mar 2015,13319,6966,9718.0,-3366.0,-25,8152,237,4550,33.0,3105,20.0,2.0,23.312561003078308,72.96343569337037,61.20579623094827
818,KOTAKBANK,Mar 2016,20402,11123,11541.0,-2263.0,-11,7631,345,5024,32.0,3524,19.0,3.0,17.27281639054995,56.567983531026364,37.40319576512107
819,KOTAKBANK,Mar 2017,22324,11458,14832.0,-3965.0,-18,11660,362,7332,32.0,5019,27.0,2.0,22.482530012542558,66.439706145852,52.23078301379681
820,KOTAKBANK,Mar 2018,25131,12467,16805.0,-4141.0,-16,13682,383,9158,33.0,6258,33.0,2.0,24.901516055867255,66.86960327881899,54.44272014643269
821,KOTAKBANK,Mar 2019,29831,15187,19758.0,-5114.0,-17,16148,458,10576,33.0,7204,38.0,2.0,24.149374811437767,66.2331132043847,54.13160805873085
822,KOTAKBANK,Mar 2020,33474,15901,22578.0,-5005.0,-15,16892,465,11422,25.0,8593,45.0,0.0,25.670669773555595,67.44936368524826,50.463045946107435
823,KOTAKBANK,Mar 2021,32820,12967,29812.0,-9958.0,-30,23588,461,13168,25.0,9990,50.0,2.0,30.438756855575868,90.83485679463742,71.87081048141377
824,KOTAKBANK,Mar 2022,33741,11554,30699.0,-8512.0,-25,24941,480,15948,25.0,12089,61.0,2.0,35.82881360955514,90.98426246999199,73.91897098485522
825,KOTAKBANK,Mar 2023,42151,14411,33485.0,-5746.0,-14,25991,599,19646,25.0,14925,75.0,2.0,35.40841261180043,79.44058266707789,61.66164503807738
826,KOTAKBANK,Mar 2024,56237,22567,47052.0,-13382.0,-24,38037,792,23863,25.0,18213,92.0,2.0,32.386151466116615,83.66733645109092,67.63696498746377
827,KOTAKBANK,TTM,64053,27327,50872.0,-14146.0,-22,43559,0,29413,,22530,113.0,,35.173996534120185,79.42172888077062,68.00462117309102
828,LICI,Mar 2019,571508,565587,5920.0,1.0,2615,0,336,8199,68.0,2627,,2.0,0.4596611071061123,1.0358560160137742,0.0
829,LICI,Mar 2020,628043,634989,-6947.0,-1.0,20870,0,379,13544,80.0,2710,,2.0,0.43149911709867,-1.1061344525772918,0.0
830,LICI,Mar 2021,690914,691166,-252.0,0.0,12820,0,417,12151,76.0,2974,7.0,0.0,0.43044431000095523,-0.03647342505724301,0.0
831,LICI,Mar 2022,723606,720280,3326.0,0.0,9248,0,436,12138,66.0,4125,57.0,23.0,0.5700616081127022,0.4596424020806903,0.0
832,LICI,Mar 2023,784628,750420,34207.0,4.0,7800,77,466,41463,13.0,35997,65.0,5.0,4.5877791768838225,4.359645590012082,0.00981356770342124
833,LICI,Mar 2024,845966,813188,32779.0,4.0,14829,128,466,47014,13.0,40916,66.0,15.0,4.836600998148862,3.87474201090824,0.015130631727516237
834,LICI,TTM,896106,870255,25851.0,3.0,16250,0,0,42102,,41468,,,4.627577541049831,2.8848149660866014,0.0
835,LODHA,Mar 2011,2173,1663,510.0,23.0,145,283,17,355,26.0,264,6.0,0.0,12.149102623101703,23.469857340082832,13.023469857340084
836,LODHA,Mar 2012,2954,2229,724.0,25.0,124,254,37,556,32.0,381,9.0,0.0,12.897765741367637,24.509140148950575,8.598510494245092
837,LODHA,Mar 2015,6236,4769,1467.0,24.0,423,492,128,1269,37.0,798,18.0,0.0,12.796664528543939,23.524695317511224,7.889672867222579
838,LODHA,Mar 2016,8249,6123,2126.0,26.0,510,988,450,1198,41.0,703,16.0,0.0,8.522245120620681,25.772820947993697,11.977209358710146
839,LODHA,Mar 2017,7926,6313,1614.0,20.0,584,736,460,1001,42.0,584,13.0,0.0,7.368155437799646,20.36336109008327,9.28589452435024
840,LODHA,Mar 2018,9677,7995,1682.0,17.0,285,390,395,1182,33.0,794,10.0,0.0,8.20502221762943,17.381419861527334,4.030174640901106
841,LODHA,Mar 2019,11907,8728,3179.0,27.0,72,568,194,2489,34.0,1644,21.0,0.0,13.80700428319476,26.698580666834637,4.770303183001596
842,LODHA,Mar 2020,12443,10526,1917.0,15.0,119,740,292,1003,26.0,742,9.0,0.0,5.96319215623242,15.406252511452223,5.947118862010769
843,LODHA,Mar 2021,5449,4066,1383.0,25.0,-140,1136,73,33,-44.0,48,1.0,0.0,0.8808955771701229,25.380803817214172,20.847861993026243
844,LODHA,Mar 2022,9233,7047,2186.0,24.0,293,688,75,1716,30.0,1208,12.0,20.0,13.08350481966858,23.675944979963177,7.451532546301311
845,LODHA,Mar 2023,9470,7406,2064.0,22.0,-1037,482,93,452,-8.0,490,5.0,14.0,5.174234424498416,21.795142555438225,5.089757127771912
846,LODHA,Mar 2024,10316,7651,2665.0,26.0,48,482,204,2028,23.0,1554,16.0,,15.063978286157425,25.833656455990695,4.672353625436215
847,LODHA,TTM,13574,9761,3812.0,28.0,260,514,311,3248,,2511,25.0,,18.498600265212907,28.08310004420215,3.78665095034625
848,LT,Mar 2013,74426,63032,11394.0,15.0,2523,4642,1637,7638,31.0,5291,38.0,22.0,7.1090747856931715,15.309166151613685,6.237067691398168
849,LT,Mar 2014,85054,70968,14086.0,17.0,1337,6494,1446,7483,35.0,4885,35.0,27.0,5.743410068897406,16.561243445340608,7.63514943447692
850,LT,Mar 2015,91929,76245,15684.0,17.0,1422,7266,2623,7217,31.0,4966,34.0,32.0,5.401995017894244,17.06099272264465,7.903925855823515
851,LT,Mar 2016,101122,85637,15486.0,15.0,1219,6899,1787,8020,30.0,4592,31.0,40.0,4.541049425446491,15.314174956982654,6.822452087577381
852,LT,Mar 2017,109312,92691,16620.0,15.0,1466,6829,2370,8887,23.0,6486,43.0,22.0,5.933474824355972,15.20418618266979,6.247255562060889
853,LT,Mar 2018,119683,99572,20111.0,17.0,1465,7714,2223,11639,27.0,8004,53.0,30.0,6.687666585897746,16.8035560605934,6.445359825539132
854,LT,Mar 2019,135220,112354,22866.0,17.0,2701,9339,1923,14305,28.0,10217,63.0,28.0,7.555834935660405,16.910220381600354,6.90652270374205
855,LT,Mar 2020,145452,120899,24553.0,17.0,3015,11021,2462,14086,23.0,10894,68.0,26.0,7.489756070731238,16.880482908450897,7.577070098726728
856,LT,Mar 2021,135979,112519,23460.0,17.0,8111,11750,2904,16918,24.0,12921,82.0,44.0,9.502202545981364,17.252664014296325,8.641040160613036
857,LT,Mar 2022,156521,132207,24314.0,16.0,2364,9235,2948,14495,29.0,10419,62.0,36.0,6.656614767347513,15.534017799528499,5.9001667507874345
858,LT,Mar 2023,183341,156175,27166.0,15.0,2891,9445,3502,17109,26.0,12531,75.0,32.0,6.834805089968965,14.817198553515034,5.151602751157679
859,LT,Mar 2024,221113,191248,29865.0,14.0,3847,9512,3682,20517,24.0,15547,95.0,36.0,7.031246466738726,13.506668535997433,4.3018727980715745
860,LT,TTM,238881,208066,30815.0,13.0,3995,9420,3964,21425,,16150,98.0,,6.760688376220796,12.899728316609524,3.9433860373993745
861,LTIM,Mar 2013,3851,2981,870.0,23.0,22,21,123,749,25.0,562,174.0,54.0,14.593612048818489,22.591534666320438,0.5453129057387691
862,LTIM,Mar 2014,4920,3773,1147.0,23.0,217,31,130,1204,17.0,996,309.0,55.0,20.243902439024392,23.3130081300813,0.6300813008130082
863,LTIM,Mar 2015,4978,3973,1005.0,20.0,99,10,158,936,18.0,769,238.0,63.0,15.447971072719968,20.188830855765367,0.2008838891120932
864,LTIM,Mar 2016,5846,4819,1028.0,18.0,187,6,174,1035,19.0,836,49.0,72.0,14.300376325692781,17.584673280875812,0.10263427984946973
865,LTIM,Mar 2017,6501,5271,1230.0,19.0,187,3,178,1236,21.0,971,57.0,29.0,14.936163667128133,18.920166128287956,0.046146746654360866
866,LTIM,Mar 2018,7306,6119,1187.0,16.0,426,16,156,1442,23.0,1112,65.0,33.0,15.22036682179031,16.24692033944703,0.21899808376676702
867,LTIM,Mar 2019,9446,7562,1883.0,20.0,302,11,147,2028,25.0,1516,87.0,32.0,16.049121321194157,19.934363751852636,0.11645140800338769
868,LTIM,Mar 2020,10879,8849,2029.0,19.0,329,83,273,2003,24.0,1520,87.0,32.0,13.971872414744002,18.650611269418146,0.7629377700156265
869,LTIM,Mar 2021,12370,9645,2725.0,22.0,274,79,332,2588,25.0,1938,111.0,36.0,15.666936135812449,22.029102667744542,0.6386418755052546
870,LTIM,Mar 2022,26109,20860,5249.0,20.0,766,123,597,5294,25.0,3950,225.0,41.0,15.128882760733847,20.10417863571948,0.47110191887854763
871,LTIM,Mar 2023,33183,27075,6108.0,18.0,557,150,723,5792,24.0,4410,149.0,40.0,13.289937618660158,18.40701564053883,0.4520386945122502
872,LTIM,Mar 2024,35517,29130,6387.0,18.0,702,222,819,6049,24.0,4585,155.0,42.0,12.90931103415266,17.982937748120616,0.625052791620914
873,LTIM,TTM,37129,30695,6434.0,17.0,946,280,968,6133,,4574,154.0,,12.319211398098522,17.32877265749145,0.7541275014139891
874,M&M,Mar 2013,68693,59578,9116.0,13.0,841,2297,2080,5580,35.0,4129,33.0,19.0,6.010801682849781,13.270638929730833,3.343863275734063
875,M&M,Mar 2014,74001,63830,10170.0,14.0,773,2954,2170,5820,26.0,5154,38.0,18.0,6.964770746341266,13.743057526249643,3.991837948135836
876,M&M,Mar 2015,71448,62655,8793.0,12.0,800,3157,2124,4313,40.0,3381,25.0,23.0,4.732112865300638,12.306852536110178,4.418598141305565
877,M&M,Mar 2016,75841,65759,10082.0,13.0,1399,3368,2442,5672,37.0,3554,25.0,21.0,4.686119645046874,13.293601086483564,4.4408697142706455
878,M&M,Mar 2017,83773,73038,10735.0,13.0,2077,3647,2813,6350,36.0,4051,30.0,22.0,4.83568691583207,12.814391271650772,4.353431296479773
879,M&M,Mar 2018,92094,78868,13226.0,14.0,4366,3987,3280,10326,23.0,7958,60.0,11.0,8.641170977479531,14.361413338545399,4.329272265294156
880,M&M,Mar 2019,104721,89514,15207.0,15.0,2676,5021,3991,8871,32.0,6017,43.0,17.0,5.745743451647711,14.521442690577821,4.794644818135809
881,M&M,Mar 2020,75382,65224,10158.0,13.0,885,6021,3367,1655,99.0,-321,1.0,205.0,-0.4258311002626622,13.47536547186331,7.9873179273566635
882,M&M,Mar 2021,74278,62791,11487.0,15.0,1152,6102,3378,3158,52.0,1512,15.0,54.0,2.035596004200436,15.464875198578316,8.215083874094617
883,M&M,Mar 2022,90171,75488,14683.0,16.0,3204,5018,3508,9362,23.0,7253,53.0,20.0,8.043606037417796,16.28350578345588,5.564982089585343
884,M&M,Mar 2023,121269,100983,20285.0,17.0,3961,5830,4357,14060,19.0,11374,83.0,18.0,9.379148834409454,16.72727572586564,4.807494083401364
885,M&M,Mar 2024,139078,114186,24892.0,18.0,3298,7488,4724,15978,23.0,12270,91.0,21.0,8.82238743726542,17.89787025985418,5.384029105969312
886,M&M,TTM,145893,118688,27204.0,19.0,3365,8259,5007,17303,,13009,95.0,,8.916808894189577,18.64654232896712,5.660998128765602
887,MARUTI,Mar 2013,44304,39944,4361.0,10.0,797,198,1890,3070,20.0,2470,82.0,10.0,5.575117370892019,9.843355001805707,0.44691224268689056
888,MARUTI,Mar 2014,44542,39232,5310.0,12.0,724,184,2116,3734,24.0,2854,94.0,13.0,6.407435678685286,11.92133267477886,0.41309326029365545
889,MARUTI,Mar 2015,50801,43909,6892.0,14.0,817,218,2515,4976,24.0,3809,126.0,20.0,7.49788389992323,13.566662073581229,0.429125410917108
890,MARUTI,Mar 2016,57589,48565,9024.0,16.0,1464,82,2822,7585,28.0,5497,182.0,19.0,9.54522565073191,15.66965913629339,0.14238830332181493
891,MARUTI,Mar 2017,68085,57664,10421.0,15.0,2399,89,2604,10127,26.0,7511,249.0,30.0,11.031798487185137,15.305867665418226,0.130718954248366
892,MARUTI,Mar 2018,79809,67692,12118.0,15.0,2155,346,2760,11167,29.0,7881,261.0,31.0,9.874826147426981,15.183751206004336,0.4335350649676102
893,MARUTI,Mar 2019,86068,75012,11056.0,13.0,2664,76,3021,10624,28.0,7651,253.0,32.0,8.889482734581959,12.845656922433424,0.088302272621648
894,MARUTI,Mar 2020,75660,68305,7355.0,10.0,3410,134,3528,7103,20.0,5678,188.0,32.0,7.504625958234206,9.721120803595031,0.17710811525244516
895,MARUTI,Mar 2021,70372,64961,5411.0,8.0,3046,102,3034,5321,18.0,4389,145.0,31.0,6.236855567555278,7.689137725231626,0.1449440118228841
896,MARUTI,Mar 2022,88330,82578,5752.0,7.0,1861,127,2789,4697,17.0,3880,128.0,47.0,4.3926185893807315,6.511943846937621,0.1437790105286992
897,MARUTI,Mar 2023,118410,105288,13122.0,11.0,2415,252,4846,10438,21.0,8264,274.0,34.0,6.9791402753145855,11.081834304535091,0.21281986318723078
898,MARUTI,Mar 2024,141858,123232,18626.0,13.0,4248,194,5256,17424,23.0,13488,429.0,29.0,9.50809964894472,13.130031439890594,0.13675647478464378
899,MARUTI,TTM,145213,125446,19766.0,14.0,5002,212,5317,19240,,14021,446.0,,9.655471617554902,13.611728977433149,0.14599243869350542
900,MOTHERSON,Mar 2013,25298,23819,1480.0,6.0,318,250,714,834,46.0,452,1.0,26.0,1.7867025061269666,5.850264843070598,0.9882204126808443
901,MOTHERSON,Mar 2014,30414,28017,2397.0,8.0,311,294,817,1596,31.0,1097,2.0,29.0,3.6068915630959424,7.881238903136713,0.966660090747682
902,MOTHERSON,Mar 2015,34661,31817,2844.0,8.0,212,318,921,1817,29.0,1292,2.0,31.0,3.7275323851014104,8.2051873863997,0.9174576613484897
903,MOTHERSON,Mar 2016,37216,33668,3548.0,10.0,177,345,1087,2293,23.0,1774,3.0,26.0,4.766766981943251,9.533533963886502,0.9270206362854687
904,MOTHERSON,Mar 2017,42376,38204,4171.0,10.0,346,375,1059,3083,30.0,2172,3.0,18.0,5.12554276005286,9.842835567302247,0.8849348687936567
905,MOTHERSON,Mar 2018,56303,51174,5128.0,9.0,125,411,1575,3267,31.0,2260,3.0,30.0,4.013995701827612,9.10786281370442,0.7299788643589151
906,MOTHERSON,Mar 2019,63523,58174,5348.0,8.0,333,423,2058,3200,34.0,2098,3.0,29.0,3.3027407395746424,8.418997843300852,0.6659005399619036
907,MOTHERSON,Mar 2020,60729,56075,4654.0,8.0,642,593,2721,1983,-5.0,1294,2.0,40.0,2.1307777174002536,7.6635544797378525,0.9764692321625582
908,MOTHERSON,Mar 2021,57370,53000,4370.0,8.0,568,512,2926,1500,34.0,1569,2.0,46.0,2.7348788565452327,7.617221544361165,0.8924525013073035
909,MOTHERSON,Mar 2022,63774,59060,4714.0,7.0,575,543,2958,1788,31.0,1182,1.0,34.0,1.8534198889829712,7.391727036096214,0.8514441621977608
910,MOTHERSON,Mar 2023,78788,72537,6251.0,8.0,70,781,3136,2405,31.0,1670,2.0,29.0,2.119612123673656,7.933949332385643,0.9912677057419913
911,MOTHERSON,Mar 2024,98692,89370,9322.0,9.0,140,1811,3810,3840,21.0,3020,4.0,20.0,3.0600251286831757,9.445547764763102,1.8350018238560368
912,MOTHERSON,TTM,109382,98908,10474.0,10.0,955,2061,4272,5095,,4123,6.0,,3.769358761039294,9.575615732021722,1.8842222669177744
913,NAUKRI,Mar 2013,472,351,121.0,26.0,24,3,12,130,41.0,76,8.0,12.0,16.101694915254235,25.635593220338983,0.6355932203389831
914,NAUKRI,Mar 2014,567,471,97.0,17.0,48,3,21,120,49.0,60,8.0,30.0,10.582010582010582,17.10758377425044,0.5291005291005291
915,NAUKRI,Mar 2015,732,711,21.0,3.0,89,4,47,60,99.0,-14,2.0,150.0,-1.912568306010929,2.8688524590163933,0.546448087431694
916,NAUKRI,Mar 2016,748,656,91.0,12.0,111,3,24,175,33.0,118,11.0,27.0,15.775401069518717,12.165775401069519,0.4010695187165776
917,NAUKRI,Mar 2017,888,896,-9.0,-1.0,50,4,33,5,99.0,-43,-2.0,-230.0,-4.842342342342342,-1.0135135135135136,0.45045045045045046
918,NAUKRI,Mar 2018,988,769,219.0,22.0,401,5,30,585,14.0,501,42.0,13.0,50.708502024291505,22.16599190283401,0.5060728744939271
919,NAUKRI,Mar 2019,1151,1142,9.0,1.0,737,7,22,716,17.0,592,49.0,12.0,51.433536055603824,0.7819287576020852,0.6081668114682884
920,NAUKRI,Mar 2020,1312,1662,-350.0,-27.0,286,14,48,-126,95.0,-246,-19.0,-31.0,-18.75,-26.676829268292686,1.0670731707317074
921,NAUKRI,Mar 2021,1128,1054,74.0,7.0,1584,11,45,1602,12.0,1418,110.0,7.0,125.70921985815602,6.560283687943262,0.975177304964539
922,NAUKRI,Mar 2022,1589,1143,446.0,28.0,13810,11,73,14200,9.0,12882,991.0,1.0,810.6985525487728,28.067967275015732,0.6922592825676527
923,NAUKRI,Mar 2023,2346,1997,348.0,15.0,-116,18,73,141,99.0,-70,-8.0,-228.0,-2.9838022165387894,14.83375959079284,0.7672634271099744
924,NAUKRI,Mar 2024,2536,1825,711.0,28.0,303,35,101,878,32.0,595,44.0,49.0,23.462145110410095,28.036277602523658,1.3801261829652995
925,NAUKRI,TTM,2662,1911,751.0,28.0,560,22,104,1185,,551,36.0,,20.698722764838468,28.211870773854248,0.8264462809917356
926,NESTLEIND,Dec 2013,9101,7153,1948.0,21.0,97,37,330,1678,33.0,1117,12.0,42.0,12.27337655202725,21.404241292165697,0.40654873090869137
927,NESTLEIND,Dec 2014,9855,7816,2039.0,21.0,87,14,338,1774,33.0,1185,12.0,51.0,12.02435312024353,20.690005073566716,0.14205986808726534
928,NESTLEIND,Dec 2015,8175,6620,1555.0,19.0,-391,3,347,814,31.0,563,6.0,83.0,6.886850152905198,19.021406727828747,0.03669724770642202
929,NESTLEIND,Dec 2016,9141,7292,1850.0,20.0,140,91,354,1545,35.0,1001,10.0,61.0,10.95066185318893,20.238485942457064,0.9955147139262663
930,NESTLEIND,Dec 2017,10010,7913,2097.0,21.0,177,92,342,1839,33.0,1225,13.0,68.0,12.237762237762238,20.94905094905095,0.919080919080919
931,NESTLEIND,Dec 2018,11292,8675,2618.0,23.0,259,112,336,2429,34.0,1607,17.0,69.0,14.231314204746722,23.18455543747786,0.991852639036486
932,NESTLEIND,Dec 2019,12369,9443,2926.0,24.0,247,129,370,2673,26.0,1968,20.0,168.0,15.910744603444094,23.655913978494624,1.042929905408683
933,NESTLEIND,Dec 2020,13350,10149,3202.0,24.0,146,164,370,2813,26.0,2082,22.0,93.0,15.595505617977528,23.98501872659176,1.2284644194756553
934,NESTLEIND,Dec 2021,14741,11178,3562.0,24.0,-112,202,391,2857,26.0,2118,22.0,91.0,14.368089003459739,24.163896614883658,1.3703276575537615
935,NESTLEIND,Dec 2022,16897,13191,3706.0,22.0,107,155,403,3256,27.0,2391,25.0,89.0,14.150440906669823,21.932887494821564,0.9173226016452626
936,NESTLEIND,Dec 2023,19126,14655,4471.0,23.0,116,119,429,4038,26.0,2999,31.0,56.0,15.680225870542715,23.376555474223572,0.6221896894280038
937,NESTLEIND,Mar 2024,24394,18581,5813.0,24.0,159,145,538,5289,26.0,3933,41.0,79.0,16.12281708616873,23.829630236943512,0.5944084610969911
938,NESTLEIND,TTM,19786,15060,4726.0,24.0,297,113,452,4458,26.0,3323,34.0,,16.794703325583747,23.88557565955726,0.5711108864853937
939,NHPC,Mar 2013,6381,2229,4152.0,65.0,1595,611,1241,3895,26.0,2873,2.0,28.0,45.02429086350102,65.06817113305125,9.575301676853158
940,NHPC,Mar 2014,7389,3047,4342.0,59.0,889,1203,1499,2529,35.0,1633,1.0,27.0,22.10041954256327,58.76302611990797,16.28095818107998
941,NHPC,Mar 2015,8221,3087,5134.0,62.0,1597,1296,1715,3718,25.0,2798,2.0,27.0,34.03478895511495,62.44982362243036,15.764505534606496
942,NHPC,Mar 2016,8354,3571,4783.0,57.0,1174,1160,1432,3365,30.0,2365,2.0,81.0,28.309791716542975,57.25401005506344,13.885563801771605
943,NHPC,Mar 2017,8623,3739,4884.0,57.0,2245,1133,1462,4535,23.0,3480,3.0,61.0,40.357184274614404,56.63922068885539,13.139278673315552
944,NHPC,Mar 2018,7755,3508,4248.0,55.0,1185,924,1469,3040,8.0,2785,2.0,57.0,35.912314635718886,54.77756286266925,11.914893617021278
945,NHPC,Mar 2019,8983,4002,4981.0,55.0,1733,896,1658,4159,32.0,2836,3.0,56.0,31.570744740064566,55.449181787821445,9.974396081487253
946,NHPC,Mar 2020,10008,4562,5446.0,54.0,311,877,1614,3266,-2.0,3345,3.0,52.0,33.42326139088729,54.416466826538766,8.76298960831335
947,NHPC,Mar 2021,9648,4371,5277.0,55.0,1087,577,1292,4495,20.0,3600,3.0,49.0,37.3134328358209,54.69527363184079,5.980514096185738
948,NHPC,Mar 2022,9144,5131,4013.0,44.0,981,586,1190,3217,-17.0,3774,4.0,52.0,41.272965879265094,43.88670166229222,6.408573928258968
949,NHPC,Mar 2023,10607,4423,6184.0,58.0,743,475,1215,5237,19.0,4261,4.0,48.0,40.17158480248892,58.30112190063166,4.478174790232865
950,NHPC,Mar 2024,9632,4825,4807.0,50.0,2029,608,1184,5043,20.0,4028,4.0,53.0,41.81893687707641,49.90656146179402,6.312292358803987
951,NHPC,TTM,9690,4675,5015.0,52.0,2094,718,1177,5213,20.0,3417,3.0,,35.26315789473684,51.75438596491229,7.409700722394221
952,NTPC,Mar 2013,71518,53370,18149.0,25.0,4777,2491,3823,16611,24.0,12586,13.0,38.0,17.598366844710423,25.376828211079726,3.483039234877933
953,NTPC,Mar 2014,78330,58603,19727.0,25.0,2792,3263,4770,14486,21.0,11403,12.0,42.0,14.557640750670242,25.184475935146178,4.165709179114005
954,NTPC,Mar 2015,79957,62605,17352.0,22.0,2338,3669,5565,10456,4.0,9992,10.0,21.0,12.496716985379642,21.70166464474655,4.588716435083858
955,NTPC,Mar 2016,73396,54829,18568.0,25.0,1188,3366,5771,10618,-2.0,10781,11.0,26.0,14.688811379366722,25.298381383181646,4.586080985339801
956,NTPC,Mar 2017,82042,60445,21598.0,26.0,1592,3753,6010,13426,20.0,10714,11.0,37.0,13.059164818020038,26.32554057677775,4.574486238755759
957,NTPC,Mar 2018,88083,65598,22485.0,26.0,5576,4447,7460,16154,35.0,10502,11.0,40.0,11.922845497996208,25.52705970505092,5.048647298570666
958,NTPC,Mar 2019,100287,77576,22710.0,23.0,2818,5605,8669,11255,-25.0,14034,14.0,44.0,13.993837685841633,22.645008824673187,5.588959685702035
959,NTPC,Mar 2020,109464,77878,31586.0,29.0,8209,8189,10356,21250,44.0,11902,12.0,27.0,10.872981071402469,28.855148724694878,7.480998319082073
960,NTPC,Mar 2021,111531,77487,34044.0,31.0,5021,9224,12450,17390,14.0,14969,15.0,41.0,13.421380602702387,30.524248863544667,8.270346361101398
961,NTPC,Mar 2022,132669,92307,40362.0,30.0,4809,9376,13788,22007,23.0,16960,17.0,41.0,12.7836947591374,30.42308301110282,7.067212385711809
962,NTPC,Mar 2023,176207,128611,47596.0,27.0,2561,11447,14792,23917,28.0,17121,17.0,42.0,9.716413082340656,27.011412713456334,6.496336694909964
963,NTPC,Mar 2024,178501,127045,51456.0,29.0,5190,12301,16204,28142,24.0,21332,21.0,36.0,11.950633329785267,28.82672926202094,6.891277920011653
964,NTPC,TTM,185892,133499,52392.0,28.0,6831,12475,17009,29739,24.0,22546,23.0,,12.12854775891378,28.184106900781096,6.710885890732253
965,ONGC,Mar 2013,161984,118482,43501.0,27.0,5488,484,11763,36742,35.0,23994,19.0,34.0,14.812574081390755,26.855121493480837,0.29879494271039114
966,ONGC,Mar 2014,174121,124991,49130.0,28.0,7170,624,16262,39413,32.0,26665,21.0,31.0,15.314063208917936,28.216010705199256,0.3583714773060113
967,ONGC,Mar 2015,160923,118610,42312.0,26.0,5955,2864,18033,27370,35.0,17703,14.0,44.0,11.000913480360172,26.293320407896942,1.779733164308396
968,ONGC,Mar 2016,124036,84901,39135.0,32.0,1067,3766,16384,20052,35.0,13102,10.0,56.0,10.563062336740945,31.55132380921668,3.0362152923344836
969,ONGC,Mar 2017,282506,229702,52804.0,19.0,12724,3591,20119,41718,30.0,29169,19.0,40.0,10.325090440557014,18.691284432897,1.2711234451657665
970,ONGC,Mar 2018,322706,265817,56889.0,18.0,10429,4999,23112,39208,34.0,26068,17.0,38.0,8.077940912161534,17.628739471841243,1.5490880243937206
971,ONGC,Mar 2019,421624,346805,74819.0,18.0,9567,5837,23704,54846,38.0,33938,24.0,29.0,8.049352029296244,17.745431948845418,1.3844088571808058
972,ONGC,Mar 2020,396728,344623,52105.0,13.0,982,7489,26635,18962,40.0,11456,9.0,58.0,2.8876207376338447,13.13368353128592,1.887691314956343
973,ONGC,Mar 2021,303849,254375,49473.0,16.0,11271,5079,25538,30126,29.0,21360,13.0,28.0,7.029807568891126,16.28210064867747,1.671553962659084
974,ONGC,Mar 2022,491246,411373,79874.0,16.0,6797,5696,26883,54091,9.0,49294,36.0,29.0,10.03448374134344,16.259470815029538,1.1595005353733159
975,ONGC,Mar 2023,632291,556764,75527.0,12.0,-30,7889,24557,43051,24.0,32778,28.0,40.0,5.184005465837723,11.944974703103476,1.2476850057963818
976,ONGC,Mar 2024,591396,488561,102835.0,17.0,12982,10194,28763,76860,26.0,57101,39.0,31.0,9.655290194725701,17.388518015001793,1.7237181178093868
977,ONGC,TTM,658694,572824,85870.0,13.0,14458,12592,31646,56090,26.0,42320,33.0,,6.424834596944863,13.036402335530612,1.9116615606032543
978,PFC,Mar 2013,17314,331,5987.0,35.0,12,10995,6,5994,26.0,4438,13.0,21.0,25.63243617881483,34.578953448076696,63.5035231604482
979,PFC,Mar 2014,21407,748,7607.0,36.0,23,13053,5,7624,28.0,5462,17.0,22.0,25.515018451908254,35.53510533937497,60.97538188443033
980,PFC,Mar 2015,24988,1103,8429.0,34.0,25,15456,8,8446,29.0,6004,18.0,20.0,24.027533215943652,33.73219145189691,61.853689771090124
981,PFC,Mar 2016,27861,2042,9162.0,33.0,25,16657,20,9167,33.0,6184,19.0,30.0,22.19590108036323,32.88467750619145,59.78608090161875
982,PFC,Mar 2017,27581,5538,5275.0,19.0,30,16768,41,5264,58.0,2236,7.0,59.0,8.107030201950618,19.125484935281534,60.7954751459338
983,PFC,Mar 2018,48624,6583,11752.0,24.0,42,30289,15,11779,25.0,8797,20.0,31.0,18.091888779203686,24.169134583744654,62.292283645936166
984,PFC,Mar 2019,54106,1696,17783.0,33.0,94,34627,15,17862,29.0,12640,30.0,0.0,23.361549550881602,32.866964846782246,63.99844749196023
985,PFC,Mar 2020,62189,7332,14012.0,23.0,105,40845,24,14093,33.0,9477,22.0,35.0,15.23902941034588,22.53131582755793,65.67881779735966
986,PFC,Mar 2021,71656,7102,19871.0,28.0,46,44684,25,19891,21.0,15716,36.0,22.0,21.932566707602994,27.731104164340735,62.359048788656914
987,PFC,Mar 2022,76262,8215,23338.0,31.0,79,44709,35,23382,20.0,18768,42.0,23.0,24.60989745876059,30.602396999816424,58.625527785791085
988,PFC,Mar 2023,77684,4167,26501.0,34.0,47,47017,52,26496,20.0,21179,48.0,22.0,27.263014262911284,34.11384583698059,60.52340250244581
989,PFC,Mar 2024,91508,-27,33573.0,37.0,69,57962,53,33588,21.0,26461,60.0,23.0,28.916597455960137,36.68859553263103,63.34091008436421
990,PFC,TTM,98152,882,35764.0,36.0,109,61505,54,35820,21.0,28248,64.0,,28.77985165865189,36.43736245822806,62.66301247045399
991,PIDILITIND,Mar 2013,3678,3120,558.0,15.0,107,16,69,581,27.0,424,8.0,31.0,11.52800435019032,15.171288743882544,0.4350190320826536
992,PIDILITIND,Mar 2014,4283,3611,672.0,16.0,38,16,81,612,27.0,450,9.0,31.0,10.506654214335747,15.689936960074713,0.3735699276208265
993,PIDILITIND,Mar 2015,4844,4073,771.0,16.0,40,16,118,678,25.0,514,10.0,29.0,10.611065235342693,15.91659785301404,0.3303055326176713
994,PIDILITIND,Mar 2016,5361,4188,1173.0,22.0,81,13,100,1141,29.0,807,16.0,26.0,15.05316172355904,21.88024622271964,0.24249207237455697
995,PIDILITIND,Mar 2017,5617,4355,1262.0,22.0,115,14,115,1248,31.0,863,17.0,28.0,15.364073348762686,22.467509346626315,0.2492433683460922
996,PIDILITIND,Mar 2018,6078,4737,1341.0,22.0,153,16,120,1359,29.0,966,19.0,32.0,15.893385982230997,22.063178677196447,0.2632444883185258
997,PIDILITIND,Mar 2019,7078,5707,1371.0,19.0,130,26,133,1342,31.0,928,18.0,36.0,13.111048318734106,19.369878496750495,0.3673354054817745
998,PIDILITIND,Mar 2020,7294,5718,1576.0,22.0,97,34,170,1470,24.0,1122,22.0,32.0,15.382506169454347,21.606800109679188,0.4661365505895256
999,PIDILITIND,Mar 2021,7293,5606,1686.0,23.0,74,37,201,1522,26.0,1126,22.0,38.0,15.439462498286026,23.118058412176058,0.5073358014534485
1000,PIDILITIND,Mar 2022,9921,8065,1856.0,19.0,39,42,240,1614,25.0,1207,24.0,42.0,12.166112287067836,18.707791553270837,0.42334442092530994
1001,PIDILITIND,Mar 2023,11799,9813,1986.0,17.0,55,48,270,1723,25.0,1289,25.0,44.0,10.924654631748453,16.831934909738113,0.40681413679125344
1002,PIDILITIND,Mar 2024,12383,9675,2708.0,22.0,63,51,341,2379,27.0,1747,34.0,47.0,14.108051360736493,21.868690947266415,0.41185496244851816
1003,PIDILITIND,TTM,12901,9949,2952.0,23.0,144,49,374,2673,,1973,38.0,,15.29338810944888,22.88194713588094,0.3798155181768855
1004,PNB,Mar 2013,43071,12456,,,4310,27802,336,6786,27.0,5020,28.0,19.0,11.655174014998492,,64.54923266234822
1005,PNB,Mar 2014,44958,16112,,,4710,28220,367,4969,29.0,3674,20.0,10.0,8.172071711375061,,62.769696160861244
1006,PNB,Mar 2015,48710,18760,,,6175,31343,384,4397,24.0,3525,18.0,18.0,7.236707041675221,,64.34613015807842
1007,PNB,Mar 2016,50804,27453,,,6100,34331,413,-5293,-31.0,-3510,-19.0,-2.0,-6.908904810644831,,67.57538776474293
1008,PNB,Mar 2017,48058,22533,,,9168,32722,430,1540,41.0,1239,6.0,0.0,2.578134753839111,,68.08855965708102
1009,PNB,Mar 2018,48725,43345,,,8883,33530,581,-19849,-37.0,-12111,-44.0,0.0,-24.855823499230375,,68.8147768086198
1010,PNB,Mar 2019,52147,39645,,,7367,34656,584,-15370,-35.0,-9550,-21.0,0.0,-18.31361343893225,,66.45828139682052
1011,PNB,Mar 2020,54918,25867,,,9388,36997,614,827,56.0,485,1.0,0.0,0.883134855602899,,67.36771186132052
1012,PNB,Mar 2021,81935,38601,,,12777,50805,982,4325,38.0,2695,2.0,0.0,3.289192652712516,,62.006468542137064
1013,PNB,Mar 2022,76242,36026,,,12329,46823,896,4826,19.0,3908,4.0,18.0,5.125783688780462,,61.41365651478188
1014,PNB,Mar 2023,86845,41502,,,12529,51817,905,5151,35.0,3359,3.0,21.0,3.8678104669238302,,59.6660717370027
1015,PNB,Mar 2024,109065,39623,,,14158,68534,906,14160,35.0,9157,8.0,18.0,8.395910695456838,,62.837757300692246
1016,PNB,TTM,116126,36345,,,15249,73977,0,21054,,14535,13.0,,12.516576821728123,,63.70408005097911
1017,POWERGRID,Mar 2013,13081,2244,10837.0,83.0,966,2599,3428,5776,25.0,4313,5.0,31.0,32.97148536044645,82.84534821496827,19.868511581683357
1018,POWERGRID,Mar 2014,15555,2588,12967.0,83.0,725,3254,4079,6359,28.0,4548,5.0,30.0,29.238187078109934,83.36226293796207,20.919318547090967
1019,POWERGRID,Mar 2015,17540,2613,14927.0,85.0,731,4081,5173,6404,21.0,5046,5.0,21.0,28.76852907639681,85.10262257696694,23.266818700114026
1020,POWERGRID,Mar 2016,20652,2468,18184.0,88.0,656,5086,6182,7572,21.0,5959,6.0,20.0,28.854348247143136,88.04958357544064,24.62715475498741
1021,POWERGRID,Mar 2017,25697,3247,22450.0,87.0,933,6204,7722,9457,21.0,7451,8.0,31.0,28.995602599525238,87.36428376853328,24.142896057905592
1022,POWERGRID,Mar 2018,29954,3993,25961.0,87.0,4065,7324,9231,13471,39.0,8204,9.0,33.0,27.388662616011217,86.66955999198771,24.450824597716498
1023,POWERGRID,Mar 2019,35059,8140,26920.0,77.0,1505,8737,10541,9147,-10.0,10034,11.0,43.0,28.62032573661542,76.78484839841411,24.92084771385379
1024,POWERGRID,Mar 2020,37744,4858,32886.0,87.0,2820,9509,11607,14590,24.0,11059,12.0,47.0,29.300021195421788,87.12908011869436,25.193408223823653
1025,POWERGRID,Mar 2021,39640,4734,34906.0,88.0,769,8135,12039,15501,22.0,12036,13.0,52.0,30.363269424823407,88.05751765893038,20.522199798183653
1026,POWERGRID,Mar 2022,41622,5796,35826.0,86.0,4692,8036,12872,19610,14.0,16824,18.0,61.0,40.420931238287444,86.07467204843591,19.307097208207196
1027,POWERGRID,Mar 2023,45603,6028,39576.0,87.0,1093,9634,13333,17702,13.0,15420,17.0,67.0,33.81356489704624,86.78376422603776,21.12580312698726
1028,POWERGRID,Mar 2024,45843,6017,39826.0,87.0,556,8773,13095,18514,16.0,15573,17.0,67.0,33.97028990249329,86.87476823070044,19.137054730275068
1029,POWERGRID,TTM,45812,6577,39235.0,86.0,1886,8854,13045,19221,,15712,17.0,,34.296690823365054,85.64349951977648,19.32681393521348
1030,RECLTD,Mar 2013,13634,365,13270.0,97.0,4,8083,4,5186,26.0,3833,15.0,21.0,28.113539680211236,97.33020390200969,59.28560950564764
1031,RECLTD,Mar 2014,17223,572,16650.0,97.0,6,10035,5,6617,28.0,4741,18.0,20.0,27.527143935435173,96.67305347500435,58.265110607908035
1032,RECLTD,Mar 2015,20544,1149,19395.0,94.0,6,11840,8,7552,29.0,5344,20.0,20.0,26.012461059190027,94.4071261682243,57.63239875389408
1033,RECLTD,Mar 2016,24125,1680,22445.0,93.0,4,14282,20,8147,30.0,5691,22.0,30.0,23.589637305699483,93.03626943005182,59.199999999999996
1034,RECLTD,Mar 2017,24338,1888,22450.0,92.0,24,13462,40,8972,30.0,6313,24.0,30.0,25.938861040348428,92.2425836141014,55.312679760046024
1035,RECLTD,Mar 2018,22658,3379,19279.0,85.0,18,13333,7,5958,25.0,4451,17.0,41.0,19.644275752493602,85.08694500838556,58.84455821343455
1036,RECLTD,Mar 2019,25408,1702,23705.0,93.0,33,15639,8,8090,29.0,5741,22.0,38.0,22.59524559193955,93.29738664987406,61.5514798488665
1037,RECLTD,Mar 2020,29942,3981,25961.0,87.0,72,18991,12,7030,29.0,4972,19.0,44.0,16.605437178545188,86.70429497027587,63.425956849909824
1038,RECLTD,Mar 2021,35557,3292,32265.0,91.0,15,21489,11,10780,22.0,8378,32.0,30.0,23.562167786933657,90.74162612143881,60.43535731360914
1039,RECLTD,Mar 2022,39276,4838,34438.0,88.0,62,22051,18,12431,19.0,10036,38.0,30.0,25.55250025460841,87.68204501476728,56.14370098788064
1040,RECLTD,Mar 2023,39486,1858,37628.0,95.0,28,23733,24,13898,20.0,11167,42.0,30.0,28.28090968951021,95.29453477181787,60.10484728764626
1041,RECLTD,Mar 2024,47517,-366,47883.0,101.0,48,29948,24,17960,21.0,14145,54.0,30.0,29.7682934528695,100.7702506471368,63.02586442746806
1042,RECLTD,TTM,51490,630,50860.0,99.0,87,32075,24,18848,,14885,57.0,,28.908525927364536,98.77646144882502,62.293649252282
1043,RELIANCE,Mar 2013,395957,362802,33155.0,8.0,7757,3463,11232,26217,20.0,20886,15.0,13.0,5.274815194579209,8.373383978563329,0.8745899175920618
1044,RELIANCE,Mar 2014,433521,398586,34935.0,8.0,8865,3836,11201,28763,22.0,22548,16.0,12.0,5.2011321250873666,8.058433155487277,0.884847562171152
1045,RELIANCE,Mar 2015,374372,336923,37449.0,10.0,8528,3316,11547,31114,24.0,23640,17.0,12.0,6.314574807945039,10.003151945124102,0.8857500026711399
1046,RELIANCE,Mar 2016,272583,230802,41781.0,15.0,12212,3691,11565,38737,23.0,29861,22.0,10.0,10.954828437576811,15.327808410649233,1.3540829765612676
1047,RELIANCE,Mar 2017,303954,257647,46307.0,15.0,9222,3849,11646,40034,25.0,29833,22.0,11.0,9.81497200234246,15.234871066016566,1.2663100337551076
1048,RELIANCE,Mar 2018,390823,326508,64315.0,16.0,9869,8052,16706,49426,27.0,36080,27.0,10.0,9.231800584919515,16.456298631349743,2.060267691512526
1049,RELIANCE,Mar 2019,568337,484087,84250.0,15.0,8406,16495,20934,55227,28.0,39837,29.0,10.0,7.00939759332931,14.823951282425742,2.902327316363355
1050,RELIANCE,Mar 2020,596679,507413,89266.0,15.0,8570,22027,22203,53606,26.0,39880,29.0,10.0,6.683660728800578,14.960472884080051,3.6915996708447927
1051,RELIANCE,Mar 2021,466307,385517,80790.0,17.0,22432,21189,26572,55461,3.0,53739,39.0,9.0,11.524382005845935,17.32549586431257,4.544002127353868
1052,RELIANCE,Mar 2022,694673,586092,108581.0,16.0,19600,14584,29782,83815,19.0,67845,45.0,9.0,9.76646566082171,15.630519683361813,2.0994050438119807
1053,RELIANCE,Mar 2023,876396,734078,142318.0,16.0,12020,19571,40303,94464,22.0,74088,49.0,9.0,8.45371270521545,16.239006111392566,2.233122926165797
1054,RELIANCE,Mar 2024,899041,736543,162498.0,18.0,16179,23118,50832,104727,25.0,79020,51.0,10.0,8.789365557299389,18.07459281612296,2.5714066433010285
1055,RELIANCE,TTM,939838,775710,164128.0,17.0,17607,23875,53226,104634,,79941,51.0,,8.505827600075758,17.4634351877664,2.540331418818988
1056,SBILIFE,Mar 2013,14870,14443,427.0,3.0,292,4,25,690,9.0,630,6.0,8.0,4.236718224613315,2.8715534633490245,0.026899798251513115
1057,SBILIFE,Mar 2014,17258,16747,511.0,3.0,344,5,35,816,11.0,728,7.0,14.0,4.218333526480473,2.9609456483949472,0.02897207092362962
1058,SBILIFE,Mar 2015,23399,22505,794.0,3.0,183,4,34,939,13.0,815,8.0,15.0,3.4830548314030514,3.3933074062994146,0.01709474763878798
1059,SBILIFE,Mar 2016,19324,18404,920.0,5.0,129,5,37,1007,16.0,844,8.0,14.0,4.367625750362244,4.760919064375906,0.025874560132477745
1060,SBILIFE,Mar 2017,30548,29479,1068.0,4.0,139,5,48,1154,17.0,955,10.0,16.0,3.1262275762734055,3.496137226659683,0.0163676836454105
1061,SBILIFE,Mar 2018,34068,32736,1332.0,4.0,156,6,59,1422,19.0,1150,12.0,17.0,3.3756017377010687,3.9098274040154988,0.017611835153222965
1062,SBILIFE,Mar 2019,44604,43130,1474.0,3.0,266,8,92,1642,19.0,1327,13.0,15.0,2.9750695004932295,3.304636355483813,0.01793561115595014
1063,SBILIFE,Mar 2020,43798,42447,1351.0,3.0,529,0,89,1790,21.0,1422,14.0,0.0,3.246723594684689,3.0846157358783506,0.0
1064,SBILIFE,Mar 2021,81913,81040,872.0,1.0,867,0,99,1640,11.0,1456,15.0,17.0,1.7774956356133946,1.0645440894607694,0.0
1065,SBILIFE,Mar 2022,82983,82254,730.0,1.0,1032,0,75,1687,11.0,1506,15.0,13.0,1.8148295434004555,0.8796982514490921,0.0
1066,SBILIFE,Mar 2023,80636,80514,122.0,0.0,1862,10,68,1906,10.0,1721,17.0,15.0,2.1342824544868297,0.15129718736048417,0.012401408800039685
1067,SBILIFE,Mar 2024,131988,131742,246.0,0.0,1917,9,76,2078,9.0,1894,19.0,14.0,1.4349789374791648,0.18638058005273206,0.006818801709246295
1068,SBILIFE,TTM,130073,129065,1007.0,1.0,1636,0,0,2643,,2411,24.0,,1.8535745312247738,0.7741806524028815,0.0
1069,SBIN,Mar 2013,167976,66283,-5124.0,-3.0,32584,106818,1577,25882,29.0,18555,26.0,16.0,11.046220888698386,-3.0504357765395054,63.59122731818832
1070,SBIN,Mar 2014,189062,82198,-14614.0,-8.0,37882,121479,1942,21326,32.0,14807,19.0,16.0,7.831822365150057,-7.729739450550613,64.2535252985793
1071,SBIN,Mar 2015,207974,96675,-21879.0,-11.0,49315,133179,1581,25855,32.0,17832,23.0,15.0,8.574148691663382,-10.520065008126016,64.03636993085674
1072,SBIN,Mar 2016,220633,109985,-32399.0,-15.0,52828,143047,2252,18177,30.0,13019,16.0,17.0,5.900749207960731,-14.684566678602023,64.83481618796826
1073,SBIN,Mar 2017,230447,145666,-64334.0,-28.0,68193,149115,2915,945,99.0,-97,0.0,859.0,-0.042092107946729615,-27.917048171596942,64.70685233481018
1074,SBIN,Mar 2018,228970,169065,-86697.0,-38.0,77557,146603,3105,-12245,-66.0,-3749,-5.0,0.0,-1.6373324016246669,-37.86391230292178,64.02716513080317
1075,SBIN,Mar 2019,253322,166104,-68649.0,-27.0,77365,155867,3496,5220,41.0,3351,3.0,0.0,1.322822336788751,-27.099501819818254,61.529199990525896
1076,SBIN,Mar 2020,269852,172909,-64181.0,-24.0,98159,161124,3662,30317,40.0,21140,22.0,0.0,7.833923780442613,-23.78377777448379,59.7082845411559
1077,SBIN,Mar 2021,278115,192821,-70715.0,-25.0,107222,156010,3711,32796,26.0,23888,25.0,16.0,8.589252647286195,-25.426532189921435,56.095500062923605
1078,SBIN,Mar 2022,289973,197349,-63570.0,-22.0,117000,156194,3691,49739,27.0,37183,40.0,18.0,12.822917995813404,-21.92273073699965,53.86501501863966
1079,SBIN,Mar 2023,350845,204303,-43439.0,-12.0,122534,189981,3696,75399,25.0,57750,62.0,18.0,16.460260228876,-12.381250979777395,54.14955322150807
1080,SBIN,Mar 2024,439189,239750,-60297.0,-14.0,155386,259736,3849,91240,25.0,69543,75.0,18.0,15.83441297482405,-13.729168991026642,59.139914706424804
1081,SBIN,TTM,469625,244759,-59190.0,-13.0,157189,284056,0,97999,,74461,80.0,,15.855416555762577,-12.60367314346553,60.48570668086239
1082,SHREECEM,Jun 2013,5418,3857,1561.0,29.0,187,193,436,1119,10.0,1004,288.0,7.0,18.530823181985973,28.811369509043928,3.5622000738279804
1083,SHREECEM,Jun 2014,5715,4325,1390.0,24.0,104,129,550,815,3.0,787,226.0,10.0,13.770778652668417,24.32195975503062,2.257217847769029
1084,SHREECEM,Jun 2015,6259,4916,1344.0,21.0,102,121,925,401,-6.0,426,122.0,20.0,6.806199073334398,21.47307876657613,1.9332161687170473
1085,SHREECEM,Mar 2016 9m,5514,4107,1407.0,26.0,673,76,828,1176,3.0,1143,328.0,7.0,20.729053318824807,25.516866158868336,1.3783097569822271
1086,SHREECEM,Mar 2017,8594,6081,2513.0,29.0,362,129,1215,1531,13.0,1339,384.0,36.0,15.580637654177332,29.24133116127531,1.5010472422620431
1087,SHREECEM,Mar 2018,9833,7360,2473.0,25.0,389,135,899,1827,24.0,1384,397.0,13.0,14.075053391640393,25.15000508491813,1.3729278958608766
1088,SHREECEM,Mar 2019,12555,9758,2797.0,22.0,69,248,1472,1146,11.0,1015,289.0,21.0,8.084428514536041,22.277976901632815,1.9753086419753085
1089,SHREECEM,Mar 2020,12868,9098,3771.0,29.0,263,291,1808,1934,20.0,1544,426.0,26.0,11.998756605533105,29.305253341622628,2.2614236866645943
1090,SHREECEM,Mar 2021,13560,9468,4091.0,30.0,426,251,1262,3004,24.0,2337,646.0,9.0,17.234513274336283,30.169616519174042,1.8510324483775813
1091,SHREECEM,Mar 2022,15010,11300,3710.0,25.0,544,263,1146,2892,19.0,1269,352.0,14.0,8.454363757495004,24.716855429713526,1.7521652231845437
1092,SHREECEM,Mar 2023,17852,14893,2960.0,17.0,459,263,1661,1495,15.0,2369,664.0,28.0,13.270221823885278,16.580775263275825,1.4732242885951154
1093,SHREECEM,Mar 2024,20521,16003,4518.0,22.0,597,258,1897,2959,19.0,1733,480.0,16.0,8.445007553238145,22.01647093221578,1.2572486720920033
1094,SHREECEM,TTM,19802,15576,4226.0,21.0,618,229,2566,2049,,1733,480.0,,8.751641248358752,21.34127865872134,1.1564488435511564
1095,SHRIRAMFIN,Mar 2013,7009,1738,2179.0,31.0,7,3092,23,2163,32.0,1463,12.0,11.0,20.873163076045085,31.088600370951635,44.11470965900984
1096,SHRIRAMFIN,Mar 2014,8476,2244,1999.0,24.0,4,4233,33,1970,31.0,1358,11.0,12.0,16.021708352996697,23.58423784804153,49.94100991033507
1097,SHRIRAMFIN,Mar 2015,9177,2781,1691.0,18.0,2,4706,43,1650,38.0,1028,8.0,22.0,11.201917838073443,18.426501035196686,51.2803748501689
1098,SHRIRAMFIN,Mar 2016,10359,3447,1824.0,18.0,3,5088,38,1789,34.0,1184,9.0,19.0,11.429674679023073,17.607877208224732,49.1167101071532
1099,SHRIRAMFIN,Mar 2017,10903,3712,1972.0,18.0,1,5219,35,1938,35.0,1266,10.0,7.0,11.611483078051913,18.08676511052004,47.86755938732459
1100,SHRIRAMFIN,Mar 2018,13502,3288,3805.0,28.0,127,6409,37,3896,35.0,2549,20.0,10.0,18.878684639312695,28.181010220708043,47.4670419197156
1101,SHRIRAMFIN,Mar 2019,15536,4171,3801.0,24.0,20,7564,43,3778,32.0,2576,20.0,11.0,16.580844490216272,24.465756951596294,48.68692070030896
1102,SHRIRAMFIN,Mar 2020,16561,4683,3565.0,22.0,14,8313,141,3439,27.0,2512,20.0,5.0,15.168166173540246,21.526477869693856,50.196244188152896
1103,SHRIRAMFIN,Mar 2021,17422,4932,3402.0,20.0,14,9089,137,3278,24.0,2499,18.0,18.0,14.343932958328551,19.527034783606933,52.16967053151188
1104,SHRIRAMFIN,Mar 2022,19255,5816,3666.0,19.0,18,9773,135,3549,24.0,2721,20.0,20.0,14.131394443001819,19.03921059465074,50.755647883666576
1105,SHRIRAMFIN,Mar 2023,30492,8706,8799.0,29.0,16,12987,601,8214,27.0,6020,32.0,22.0,19.742883379247015,28.856749311294767,42.59149940968123
1106,SHRIRAMFIN,Mar 2024,36388,10278,10523.0,29.0,25,15588,588,9960,26.0,7399,39.0,23.0,20.333626470264925,28.918874354182698,42.838298340112125
1107,SHRIRAMFIN,TTM,39864,11228,11416.0,29.0,1800,17220,628,12588,,9454,50.0,,23.715633152719246,28.637367047963075,43.19686935580975
1108,SIEMENS,Sep 2011,11955,10784,1171.0,10.0,299,26,154,1290,33.0,868,,24.0,7.26056043496445,9.795064826432455,0.2174822250104559
1109,SIEMENS,Sep 2014,10678,10559,119.0,1.0,985,31,229,844,28.0,603,17.0,35.0,5.6471249297621275,1.1144409065368046,0.290316538677655
1110,SIEMENS,Sep 2015,10563,9565,998.0,9.0,943,30,224,1688,30.0,1174,33.0,30.0,11.114266780270757,9.448073463978037,0.2840102243680772
1111,SIEMENS,Sep 2016,10837,9815,1021.0,9.0,3156,11,228,3938,26.0,2914,82.0,41.0,26.889360524130296,9.421426594075852,0.10150410630248223
1112,SIEMENS,Sep 2017,11065,10008,1056.0,10.0,818,8,198,1669,32.0,1137,32.0,22.0,10.275643922277451,9.543605964753727,0.07230004518752824
1113,SIEMENS,Sep 2018,12795,11468,1327.0,10.0,280,8,198,1402,36.0,901,25.0,28.0,7.041813208284486,10.371238765142634,0.0625244236029699
1114,SIEMENS,Sep 2019,13084,11594,1490.0,11.0,398,12,199,1678,34.0,1099,31.0,23.0,8.399571996331396,11.38795475389789,0.09171507184347294
1115,SIEMENS,Sep 2020,9946,8944,1003.0,10.0,315,30,252,1036,26.0,769,22.0,32.0,7.7317514578725115,10.08445606273879,0.30162879549567667
1116,SIEMENS,Sep 2021,13198,11746,1452.0,11.0,321,24,297,1452,25.0,1089,31.0,26.0,8.25125018942264,11.001666919230187,0.18184573420215183
1117,SIEMENS,Sep 2022,16138,14278,1860.0,12.0,487,36,317,1993,23.0,1543,43.0,23.0,9.561283926137069,11.525591770975337,0.22307596976081298
1118,SIEMENS,Sep 2023,19554,17067,2487.0,13.0,496,23,321,2640,26.0,1962,55.0,18.0,10.03375268487266,12.718625345197914,0.11762299273805871
1119,SIEMENS,Sep 2024,22240,19136,3104.0,14.0,925,60,330,3639,25.0,2718,76.0,16.0,12.221223021582734,13.956834532374101,0.2697841726618705
1120,SUNPHARMA,Mar 2013,11131,6346,4784.0,43.0,-90,43,336,4315,20.0,3469,14.0,9.0,31.165214266463032,42.979067469230074,0.38630850777108977
1121,SUNPHARMA,Mar 2014,16080,9078,7003.0,44.0,-1968,44,409,4581,15.0,3879,15.0,10.0,24.12313432835821,43.55099502487562,0.27363184079601993
1122,SUNPHARMA,Mar 2015,27392,19498,7894.0,29.0,283,579,1195,6403,14.0,5476,22.0,14.0,19.99123831775701,28.818633177570092,2.1137558411214954
1123,SUNPHARMA,Mar 2016,28487,20313,8174.0,29.0,-42,523,1038,6571,14.0,5658,19.0,5.0,19.861691297784954,28.693790149892934,1.8359251588443852
1124,SUNPHARMA,Mar 2017,31578,21476,10102.0,32.0,610,400,1265,9048,13.0,7846,29.0,12.0,24.846412059028438,31.99062638545823,1.2667046678067009
1125,SUNPHARMA,Mar 2018,26489,20858,5631.0,21.0,-135,518,1500,3479,26.0,2542,9.0,23.0,9.596436256559326,21.257880629695343,1.955528710030579
1126,SUNPHARMA,Mar 2019,29066,22689,6377.0,22.0,-258,555,1753,3810,16.0,3208,11.0,25.0,11.036950388770386,21.939723388151105,1.9094474643913852
1127,SUNPHARMA,Mar 2020,32838,25855,6983.0,21.0,382,303,2053,5010,16.0,4172,16.0,25.0,12.704793227358548,21.264997868323285,0.9227114927827518
1128,SUNPHARMA,Mar 2021,33498,25028,8470.0,25.0,-3449,141,2080,2799,18.0,2272,12.0,62.0,6.782494477282226,25.285091647262526,0.4209206519792227
1129,SUNPHARMA,Mar 2022,38654,28397,10258.0,27.0,-3505,127,2144,4481,24.0,3389,14.0,73.0,8.767527293423708,26.538003828840484,0.3285559062451493
1130,SUNPHARMA,Mar 2023,43886,32235,11650.0,27.0,459,172,2529,9408,9.0,8513,35.0,33.0,19.39798569019733,26.546051132479608,0.3919245317413298
1131,SUNPHARMA,Mar 2024,48497,35479,13018.0,28.0,865,238,2557,11088,13.0,9610,40.0,34.0,19.815658700538176,26.84289749881436,0.490752005278677
1132,SUNPHARMA,TTM,50308,36249,14059.0,27.0,1571,239,2554,12837,,11117,46.0,,22.09787707720442,27.94585354218017,0.4750735469507832
1133,TATACONSUM,Mar 2013,7351,6581,770.0,10.0,56,84,105,637,26.0,445,6.0,36.0,6.0535981499115765,10.474765338049245,1.1427016732417357
1134,TATACONSUM,Mar 2014,7738,6986,752.0,10.0,170,87,129,707,26.0,510,7.0,29.0,6.590850348927371,9.7182734556733,1.1243215301111398
1135,TATACONSUM,Mar 2015,7993,7201,792.0,10.0,-77,82,133,500,43.0,273,4.0,6.0,3.415488552483423,9.908670086325534,1.0258976604528962
1136,TATACONSUM,Mar 2016,6637,6271,366.0,6.0,38,117,117,170,99.0,-37,0.0,-999.0,-0.5574807895133344,5.514539701672443,1.7628446587313544
1137,TATACONSUM,Mar 2017,6780,5988,791.0,12.0,88,43,126,662,30.0,455,6.0,38.0,6.710914454277287,11.666666666666666,0.6342182890855457
1138,TATACONSUM,Mar 2018,6815,5976,839.0,12.0,73,52,116,753,25.0,556,8.0,30.0,8.158473954512106,12.311078503301541,0.7630227439471753
1139,TATACONSUM,Mar 2019,7252,6466,786.0,11.0,124,78,123,735,36.0,457,6.0,39.0,6.301709873138445,10.83838940981798,1.075565361279647
1140,TATACONSUM,Mar 2020,9637,8345,1292.0,13.0,-163,69,242,809,34.0,460,5.0,54.0,4.77326968973747,13.406661824219155,0.7159904534606205
1141,TATACONSUM,Mar 2021,11602,10058,1544.0,13.0,91,73,255,1311,24.0,930,9.0,44.0,8.015859334597483,13.308050336148941,0.6292018617479745
1142,TATACONSUM,Mar 2022,12425,10707,1719.0,14.0,88,87,278,1456,26.0,1015,10.0,60.0,8.169014084507042,13.835010060362174,0.7002012072434608
1143,TATACONSUM,Mar 2023,13783,11927,1856.0,13.0,328,130,304,1794,25.0,1320,12.0,65.0,9.577015163607342,13.465863745193355,0.9431908873249656
1144,TATACONSUM,Mar 2024,15206,12922,2284.0,15.0,-81,87,377,1696,23.0,1215,12.0,64.0,7.9902669998684726,15.020386689464685,0.572142575299224
1145,TATACONSUM,TTM,16297,13802,2496.0,15.0,-168,268,499,1560,,1170,12.0,,7.1792354421059095,15.315702276492607,1.644474443149046
1146,TATAMOTORS,Mar 2013,188793,164197,24596.0,13.0,213,3560,7601,13647,28.0,9976,35.0,6.0,5.284094219595007,13.02802540348424,1.8856631336966942
1147,TATAMOTORS,Mar 2014,232834,197980,34853.0,15.0,-157,4749,11078,18869,25.0,14050,48.0,5.0,6.034342063444342,14.96903373218688,2.03965056649802
1148,TATAMOTORS,Mar 2015,263159,223920,39239.0,15.0,714,4861,13389,21703,35.0,14073,48.0,0.0,5.347717539586334,14.910757374819026,1.8471722418765841
1149,TATAMOTORS,Mar 2016,273046,234650,38395.0,14.0,-2670,4889,16711,14126,21.0,11678,40.0,1.0,4.276935021937695,14.061733187814507,1.7905407879990918
1150,TATAMOTORS,Mar 2017,269693,240104,29589.0,11.0,1869,4238,17905,9315,35.0,7557,26.0,0.0,2.8020749518897414,10.971363735803303,1.5714163882636925
1151,TATAMOTORS,Mar 2018,291550,260093,31458.0,11.0,5933,4682,21554,11155,39.0,9091,31.0,0.0,3.1181615503344196,10.789915966386554,1.6058995026582061
1152,TATAMOTORS,Mar 2019,301938,277274,24664.0,8.0,-26686,5759,23591,-31371,-8.0,-28724,-100.0,0.0,-9.513211321529585,8.16856440726242,1.9073452165676397
1153,TATAMOTORS,Mar 2020,261068,243081,17987.0,7.0,102,7243,21425,-10580,4.0,-11975,-39.0,0.0,-4.586927543781696,6.889775843841452,2.774372960301531
1154,TATAMOTORS,Mar 2021,249795,217507,32287.0,13.0,-11118,8097,23547,-10474,24.0,-13395,-41.0,0.0,-5.362397165675854,12.92539882703817,3.2414579955563565
1155,TATAMOTORS,Mar 2022,278454,253734,24720.0,9.0,2424,9312,24836,-7003,60.0,-11309,-34.0,0.0,-4.061353042154179,8.877588398801956,3.3441789308108345
1156,TATAMOTORS,Mar 2023,345967,314151,31816.0,9.0,6664,10225,24860,3394,21.0,2690,7.0,32.0,0.7775308049611668,9.196252821800924,2.9554841935791565
1157,TATAMOTORS,Mar 2024,437928,378389,59538.0,14.0,5673,9986,27270,27955,-14.0,31807,94.0,7.0,7.263066074788551,13.595385542828959,2.2802835169251567
1158,TATAMOTORS,TTM,440061,379564,60497.0,14.0,6617,8841,26580,31693,,33816,99.0,,7.684389209677748,13.747412290568809,2.0090396558658914
1159,TATAPOWER,Mar 2013,33177,27583,5595.0,17.0,375,2642,2052,1277,92.0,123,0.0,-319.0,0.37073876480694457,16.864092594267113,7.963348102601199
1160,TATAPOWER,Mar 2014,35726,28810,6916.0,19.0,229,3440,2730,975,99.0,12,-1.0,-114.0,0.033588982813637126,19.35845042825953,9.628841739909308
1161,TATAPOWER,Mar 2015,33593,27292,6301.0,19.0,1056,3699,2174,1484,72.0,457,1.0,210.0,1.3604024647992141,18.756883874616737,11.011222576131932
1162,TATAPOWER,Mar 2016,29494,27389,2105.0,7.0,4060,3236,1649,1281,53.0,786,2.0,53.0,2.664948803146403,7.137044822675799,10.971723062317759
1163,TATAPOWER,Mar 2017,27588,22114,5473.0,20.0,1297,3365,1956,1450,24.0,1100,3.0,39.0,3.9872408293460926,19.838335508191967,12.197332173408729
1164,TATAPOWER,Mar 2018,26840,24545,2295.0,9.0,6586,3761,2346,2773,6.0,2611,9.0,15.0,9.728017883755587,8.550670640834575,14.012667660208644
1165,TATAPOWER,Mar 2019,29881,26811,3070.0,10.0,7186,4170,2393,3693,29.0,2606,9.0,15.0,8.721261001974499,10.27408721261002,13.955356246444229
1166,TATAPOWER,Mar 2020,29136,22331,6805.0,23.0,2280,4494,2634,1958,33.0,1316,4.0,41.0,4.516749038989566,23.355985722130697,15.424217462932454
1167,TATAPOWER,Mar 2021,32703,25782,6921.0,21.0,1775,4010,2745,1941,26.0,1439,4.0,44.0,4.400207931994006,21.163196037060818,12.261871999510749
1168,TATAPOWER,Mar 2022,42816,35785,7031.0,16.0,2486,3859,3122,2535,15.0,2156,5.0,32.0,5.035500747384155,16.421431240657697,9.012985799701047
1169,TATAPOWER,Mar 2023,55109,47381,7728.0,14.0,5540,4372,3439,5457,30.0,3810,10.0,19.0,6.913571285996843,14.023117821045563,7.933368415322361
1170,TATAPOWER,Mar 2024,61449,50714,10735.0,17.0,3416,4633,3786,5732,25.0,4280,12.0,17.0,6.965125551270159,17.469771680580646,7.539585672671646
1171,TATAPOWER,TTM,63489,52432,11057.0,17.0,3708,4549,3927,6289,,4403,12.0,,6.935059616626502,17.415615303438393,7.165020712249366
1172,TATASTEEL,Mar 2013,134712,130746,3965.0,3.0,1445,3968,5575,-4133,78.0,-7272,-6.0,-11.0,-5.398182789951898,2.943316111408041,2.945543084506206
1173,TATASTEEL,Mar 2014,148614,132430,16184.0,11.0,716,4337,5841,6722,45.0,3665,3.0,27.0,2.466120284764558,10.889956531686112,2.9182984106477186
1174,TATASTEEL,Mar 2015,139504,136095,3409.0,2.0,5994,4848,5944,-1388,99.0,-3939,-3.0,-20.0,-2.8235749512558783,2.4436575295332035,3.475169170776465
1175,TATASTEEL,Mar 2016,101965,102590,-625.0,-1.0,10346,4221,5306,193,99.0,-497,0.0,-203.0,-0.4874221546609131,-0.6129554258814298,4.139655764232825
1176,TATASTEEL,Mar 2017,112299,99156,13144.0,12.0,-3789,5072,5673,-1391,99.0,-4169,-4.0,-23.0,-3.712410618082084,11.704467537555988,4.516513949367313
1177,TATASTEEL,Mar 2018,123249,101816,21433.0,17.0,10898,5455,5742,21135,16.0,17743,12.0,9.0,14.396060008600475,17.38999910749783,4.425999399589449
1178,TATASTEEL,Mar 2019,157669,128351,29318.0,19.0,1524,7660,7342,15841,42.0,9122,9.0,15.0,5.785538057576315,18.59465081912107,4.858279052952705
1179,TATASTEEL,Mar 2020,139817,122354,17463.0,12.0,-2884,7533,8441,-1395,-99.0,1174,1.0,74.0,0.8396689959017859,12.489897508886616,5.387756853601493
1180,TATASTEEL,Mar 2021,156294,125790,30504.0,20.0,180,7607,9234,13844,41.0,8190,6.0,40.0,5.240124380974318,19.517063994779072,4.867109421986768
1181,TATASTEEL,Mar 2022,243959,180469,63490.0,26.0,1300,5462,9101,50227,17.0,41749,33.0,16.0,17.113121467131773,26.02486483384503,2.238900798904734
1182,TATASTEEL,Mar 2023,243353,211053,32300.0,13.0,1569,6299,9335,18235,56.0,8075,7.0,50.0,3.3182249653795104,13.272899861518042,2.588420935842172
1183,TATASTEEL,Mar 2024,229171,206923,22248.0,10.0,-6005,7508,9882,-1147,99.0,-4910,-4.0,-101.0,-2.1425049417247384,9.70803461170916,3.276156232682146
1184,TATASTEEL,TTM,221012,195697,25314.0,11.0,371,7394,10269,8022,,2527,2.0,,1.1433768302173637,11.453676723435832,3.345519700287767
1185,TCS,Mar 2013,62989,44950,18040.0,29.0,1178,48,1080,18090,22.0,14076,36.0,31.0,22.346758957913288,28.639921256092332,0.07620378161266253
1186,TCS,Mar 2014,81809,56657,25153.0,31.0,1637,39,1349,25402,24.0,19332,49.0,33.0,23.630651884267014,30.746005940666677,0.04767201652629906
1187,TCS,Mar 2015,94648,70167,24482.0,26.0,3720,104,1799,26298,24.0,20060,51.0,78.0,21.194320006761895,25.866368016228552,0.10988082157045052
1188,TCS,Mar 2016,108646,77969,30677.0,28.0,3084,33,1888,31840,24.0,24338,62.0,35.0,22.401192864900686,28.2357380851573,0.030373874786002245
1189,TCS,Mar 2017,117966,85655,32311.0,27.0,4221,32,1987,34513,24.0,26357,67.0,35.0,22.342878456504415,27.390095451231712,0.027126460166488647
1190,TCS,Mar 2018,123104,90588,32516.0,26.0,3642,52,2014,34092,24.0,25880,67.0,37.0,21.02287496750715,26.41343904341045,0.04224070704445022
1191,TCS,Mar 2019,146463,106957,39506.0,27.0,4311,198,2056,41563,24.0,31562,84.0,36.0,21.549469831971216,26.973365286795982,0.13518772659306444
1192,TCS,Mar 2020,156949,114840,42109.0,27.0,4592,924,3529,42248,23.0,32447,86.0,85.0,20.673594607165384,26.829734499741953,0.5887262741400072
1193,TCS,Mar 2021,164177,117631,46546.0,28.0,1916,637,4065,43760,26.0,32562,88.0,43.0,19.833472410873632,28.351108864213625,0.3879958824926756
1194,TCS,Mar 2022,191754,138697,53057.0,28.0,4018,784,4604,51687,26.0,38449,105.0,41.0,20.051211448001087,27.669305464292794,0.4088571815972548
1195,TCS,Mar 2023,225458,166199,59259.0,26.0,3449,779,5022,56907,26.0,42303,115.0,100.0,18.763139919630266,26.283831134845514,0.34551889930718804
1196,TCS,Mar 2024,240893,176597,64296.0,27.0,3464,778,4985,61997,26.0,46099,127.0,58.0,19.136712150207767,26.690688396923118,0.3229649678487959
1197,TCS,TTM,252082,184491,67591.0,27.0,4091,795,5109,65778,,49006,135.0,,19.440499519997463,26.813100499043962,0.31537356891805046
1198,TECHM,Mar 2013,6873,5451,1422.0,21.0,-141,103,200,978,24.0,1307,25.0,5.0,19.01644114651535,20.689655172413794,1.498617779717736
1199,TECHM,Mar 2014,18802,14630,4172.0,22.0,244,80,522,3815,20.0,3062,32.0,15.0,16.28550154238911,22.189128816083397,0.4254866503563451
1200,TECHM,Mar 2015,22621,18428,4193.0,19.0,106,69,611,3618,27.0,2659,27.0,22.0,11.754564342867248,18.535873745634586,0.3050263029927943
1201,TECHM,Mar 2016,26494,22234,4260.0,16.0,453,97,759,3857,22.0,3027,31.0,35.0,11.425228353589493,16.0791122518306,0.3661206310862837
1202,TECHM,Mar 2017,29141,24956,4184.0,14.0,775,129,978,3853,26.0,2851,29.0,28.0,9.783466593459387,14.357777701520194,0.44267526852201367
1203,TECHM,Mar 2018,30773,26063,4710.0,15.0,1417,162,1085,4879,22.0,3786,39.0,33.0,12.302992883371786,15.305625060930037,0.5264355116498228
1204,TECHM,Mar 2019,34742,28471,6271.0,18.0,534,133,1129,5543,23.0,4289,44.0,29.0,12.345288123884636,18.050198606873526,0.38282194462034425
1205,TECHM,Mar 2020,36868,31365,5503.0,15.0,1192,192,1446,5058,23.0,3897,42.0,32.0,10.570142128675274,14.926223283063903,0.5207768254312682
1206,TECHM,Mar 2021,37855,31059,6796.0,18.0,788,174,1458,5953,27.0,4353,46.0,89.0,11.499141460837405,17.952714304583278,0.4596486593580769
1207,TECHM,Mar 2022,44646,36626,8020.0,18.0,1115,163,1520,7452,24.0,5630,57.0,47.0,12.610312234018725,17.963535367110158,0.36509429736146576
1208,TECHM,Mar 2023,53290,45527,7763.0,15.0,965,326,1957,6446,25.0,4857,50.0,91.0,9.11428035278664,14.567461062112965,0.6117470444736348
1209,TECHM,Mar 2024,51996,47489,4506.0,9.0,927,392,1817,3224,26.0,2397,24.0,150.0,4.60996999769213,8.666051234710363,0.7539041464728056
1210,TECHM,TTM,52476,46253,6223.0,12.0,1072,295,1852,5148,,3775,38.0,,7.193764768656148,11.858754478237671,0.5621617501333943
1211,TITAN,Mar 2013,10123,9109,1014.0,10.0,99,51,56,1006,28.0,725,8.0,26.0,7.161908525140769,10.01679344067964,0.5038032203892127
1212,TITAN,Mar 2014,10927,9880,1047.0,10.0,117,87,68,1010,27.0,735,8.0,25.0,6.726457399103139,9.581769927702021,0.7961929166285348
1213,TITAN,Mar 2015,11913,10761,1153.0,10.0,67,81,90,1049,22.0,816,9.0,25.0,6.849660035255603,9.678502476286411,0.6799294887937547
1214,TITAN,Mar 2016,11276,10337,939.0,8.0,69,42,98,868,22.0,675,8.0,29.0,5.9861653068464,8.32742107130188,0.37247250798155374
1215,TITAN,Mar 2017,13261,12097,1164.0,9.0,-42,38,111,973,28.0,697,8.0,32.0,5.256013875273358,8.777618580800844,0.28655455847975264
1216,TITAN,Mar 2018,16120,14476,1644.0,10.0,70,53,131,1530,28.0,1102,13.0,29.0,6.836228287841191,10.198511166253102,0.32878411910669975
1217,TITAN,Mar 2019,19779,17785,1994.0,10.0,178,53,163,1957,29.0,1389,16.0,32.0,7.022599726983164,10.081399464078062,0.26796096870418123
1218,TITAN,Mar 2020,21052,18589,2463.0,12.0,153,166,348,2102,29.0,1493,17.0,24.0,7.091962758882767,11.69960098802964,0.7885236557096713
1219,TITAN,Mar 2021,21644,19919,1725.0,8.0,180,203,375,1327,27.0,974,11.0,37.0,4.500092404361486,7.969876178155609,0.9379042690815007
1220,TITAN,Mar 2022,28799,25455,3344.0,12.0,177,218,399,2904,24.0,2198,24.0,31.0,7.632209451717073,11.611514288690579,0.756970728150283
1221,TITAN,Mar 2023,40575,35693,4882.0,12.0,306,300,441,4447,26.0,3274,37.0,27.0,8.069008009858287,12.03203943314849,0.7393715341959335
1222,TITAN,Mar 2024,51084,45792,5292.0,10.0,534,619,584,4623,24.0,3496,39.0,28.0,6.843630099444054,10.359408033826638,1.211729700101793
1223,TITAN,TTM,54458,49219,5239.0,10.0,538,840,647,4290,,3243,37.0,,5.955047926842704,9.620257813360755,1.5424730985346504
1224,TORNTPHARM,Mar 2013,3203,2506,697.0,22.0,1,34,83,582,25.0,435,13.0,45.0,13.581017795816422,21.76084920387137,1.0615048392132376
1225,TORNTPHARM,Mar 2014,4172,3216,955.0,23.0,34,59,87,844,21.0,664,20.0,25.0,15.915627996164908,22.890699904122723,1.414189837008629
1226,TORNTPHARM,Mar 2015,4636,3616,1020.0,22.0,286,175,191,940,20.0,751,22.0,25.0,16.199309749784298,22.001725625539258,3.774805867126833
1227,TORNTPHARM,Mar 2016,6687,3954,2733.0,41.0,32,184,238,2343,26.0,1733,51.0,34.0,25.915956333183786,40.87034544638852,2.751607596829669
1228,TORNTPHARM,Mar 2017,5816,4438,1377.0,24.0,223,206,307,1088,14.0,934,28.0,25.0,16.059147180192575,23.676066024759283,3.5419532324621734
1229,TORNTPHARM,Mar 2018,5950,4601,1349.0,23.0,299,308,409,931,27.0,678,20.0,35.0,11.394957983193276,22.672268907563026,5.176470588235294
1230,TORNTPHARM,Mar 2019,7673,5690,1983.0,26.0,-300,504,618,562,22.0,436,13.0,66.0,5.682262478821843,25.843868108953473,6.568486902124332
1231,TORNTPHARM,Mar 2020,7939,5769,2170.0,27.0,121,451,654,1187,14.0,1025,30.0,53.0,12.910945962967629,27.333417306965615,5.680816223705756
1232,TORNTPHARM,Mar 2021,8005,5524,2480.0,31.0,57,353,658,1526,18.0,1252,37.0,47.0,15.640224859462837,30.98063710181137,4.409743910056215
1233,TORNTPHARM,Mar 2022,8508,6077,2431.0,29.0,-288,255,662,1226,37.0,777,23.0,105.0,9.132581100141044,28.573107663375648,2.997179125528914
1234,TORNTPHARM,Mar 2023,9620,6778,2842.0,30.0,45,333,707,1847,33.0,1245,37.0,60.0,12.941787941787942,29.54261954261954,3.4615384615384617
1235,TORNTPHARM,Mar 2024,10728,7360,3368.0,31.0,146,354,808,2352,30.0,1656,49.0,57.0,15.436241610738255,31.3944817300522,3.2997762863534676
1236,TORNTPHARM,TTM,11302,7662,3640.0,32.0,72,276,797,2639,,1862,55.0,,16.474960184038224,32.20668908157848,2.4420456556361705
1237,TRENT,Mar 2013,2132,2128,5.0,0.0,58,29,45,-10,99.0,-27,-1.0,-87.0,-1.2664165103189493,0.23452157598499063,1.3602251407129455
1238,TRENT,Mar 2014,2333,2343,-10.0,0.0,91,26,54,1,99.0,-19,-1.0,-125.0,-0.8144020574367767,-0.42863266180882986,1.1144449207029576
1239,TRENT,Mar 2015,2284,2196,88.0,4.0,208,22,75,200,35.0,129,4.0,26.0,5.64798598949212,3.852889667250438,0.9632224168126094
1240,TRENT,Mar 2016,1686,1596,90.0,5.0,86,48,39,90,39.0,55,2.0,54.0,3.262158956109134,5.338078291814947,2.8469750889679712
1241,TRENT,Mar 2017,1812,1679,134.0,7.0,81,46,41,128,34.0,85,3.0,39.0,4.690949227373068,7.39514348785872,2.5386313465783665
1242,TRENT,Mar 2018,2157,1949,208.0,10.0,27,44,46,147,41.0,87,3.0,44.0,4.033379694019471,9.643022716736208,2.039870190078813
1243,TRENT,Mar 2019,2630,2390,241.0,9.0,30,51,52,165,44.0,95,3.0,45.0,3.6121673003802277,9.163498098859316,1.9391634980988595
1244,TRENT,Mar 2020,3486,2957,529.0,15.0,147,263,247,165,36.0,106,3.0,29.0,3.040734366035571,15.174985656913368,7.544463568559954
1245,TRENT,Mar 2021,2593,2479,114.0,4.0,199,261,257,-205,-12.0,-181,-4.0,-15.0,-6.980331662167373,4.3964519861164675,10.065561126108754
1246,TRENT,Mar 2022,4498,3903,595.0,13.0,152,325,311,111,69.0,35,3.0,57.0,0.7781236104935527,13.228101378390395,7.225433526011561
1247,TRENT,Mar 2023,8242,7128,1114.0,14.0,341,409,494,552,29.0,394,13.0,18.0,4.780393108468818,13.516136859985439,4.962387769958748
1248,TRENT,Mar 2024,12375,10404,1971.0,16.0,989,368,671,1921,23.0,1477,42.0,8.0,11.935353535353535,15.927272727272726,2.973737373737374
1249,TRENT,TTM,15025,12672,2354.0,16.0,960,196,756,2362,,1809,51.0,,12.039933444259567,15.667221297836939,1.3044925124792015
1250,TVSMOTOR,Mar 2013,7510,7072,438.0,6.0,130,103,176,290,32.0,198,4.0,30.0,2.6364846870838883,5.832223701731025,1.3715046604527297
1251,TVSMOTOR,Mar 2014,8384,7892,492.0,6.0,44,80,149,307,39.0,187,4.0,37.0,2.23043893129771,5.868320610687023,0.9541984732824428
1252,TVSMOTOR,Mar 2015,10256,9650,605.0,6.0,80,62,179,444,28.0,328,7.0,28.0,3.1981279251170043,5.898985959438377,0.6045241809672387
1253,TVSMOTOR,Mar 2016,11377,10558,819.0,7.0,93,70,262,580,26.0,429,9.0,28.0,3.7707655796782986,7.198734288476752,0.6152764349125429
1254,TVSMOTOR,Mar 2017,12463,11591,871.0,7.0,163,60,317,658,23.0,509,11.0,23.0,4.084088903153334,6.988686512075744,0.4814250180534382
1255,TVSMOTOR,Mar 2018,16340,14769,1571.0,10.0,71,338,374,931,29.0,665,14.0,24.0,4.069767441860465,9.614443084455324,2.0685434516523866
1256,TVSMOTOR,Mar 2019,20160,17997,2163.0,11.0,25,663,442,1083,33.0,725,15.0,24.0,3.5962301587301586,10.729166666666666,3.2886904761904763
1257,TVSMOTOR,Mar 2020,18849,16585,2264.0,12.0,12,855,556,865,25.0,647,13.0,27.0,3.4325428404689906,12.011247281022866,4.53604965780678
1258,TVSMOTOR,Mar 2021,19421,17189,2232.0,11.0,36,881,565,822,26.0,608,13.0,28.0,3.1306317903300553,11.49271407239586,4.536326656711807
1259,TVSMOTOR,Mar 2022,24355,21601,2755.0,11.0,-5,940,743,1067,31.0,731,16.0,24.0,3.0014370765756517,11.311845616916443,3.859577088893451
1260,TVSMOTOR,Mar 2023,31974,27947,4027.0,13.0,136,1368,859,1936,32.0,1309,28.0,18.0,4.093951335460061,12.594608119096767,4.278476261962845
1261,TVSMOTOR,Mar 2024,39145,33645,5500.0,14.0,106,1928,975,2703,34.0,1779,36.0,23.0,4.544641716694342,14.050325712096054,4.925277813258398
1262,TVSMOTOR,TTM,42886,36696,6190.0,14.0,95,2064,1038,3182,,2094,42.0,,4.882712307046589,14.433614699435712,4.812759408664832
1263,ULTRACEMCO,Mar 2013,20514,15674,4839.0,24.0,304,252,1023,3867,30.0,2688,98.0,9.0,13.10324656332261,23.588768645802865,1.2284293653114946
1264,ULTRACEMCO,Mar 2014,20730,16695,4035.0,19.0,322,361,1139,2858,23.0,2213,80.0,11.0,10.675349734684032,19.46454413892909,1.7414375301495417
1265,ULTRACEMCO,Mar 2015,23306,18881,4425.0,19.0,350,587,1203,2986,30.0,2102,76.0,12.0,9.019136702994937,18.986527074573072,2.5186647215309366
1266,ULTRACEMCO,Mar 2016,25153,20252,4901.0,19.0,464,566,1377,3421,28.0,2480,90.0,11.0,9.859658887607841,19.484753309744367,2.250228600962112
1267,ULTRACEMCO,Mar 2017,25375,20162,5212.0,21.0,648,640,1348,3872,30.0,2714,99.0,10.0,10.695566502463054,20.53990147783251,2.522167487684729
1268,ULTRACEMCO,Mar 2018,30979,24834,6145.0,20.0,242,1238,1848,3301,33.0,2224,81.0,13.0,7.179056780399626,19.836017947641952,3.9962555279382803
1269,ULTRACEMCO,Mar 2019,41462,34115,7347.0,18.0,350,1778,2451,3468,31.0,2400,88.0,13.0,5.788432781824321,17.719839853359705,4.288263952534852
1270,ULTRACEMCO,Mar 2020,42430,33184,9246.0,22.0,651,1992,2723,5183,-11.0,5751,199.0,7.0,13.5540890879095,21.791185481970306,4.69479142116427
1271,ULTRACEMCO,Mar 2021,44726,33158,11568.0,26.0,619,1486,2700,8001,32.0,5462,189.0,20.0,12.212136117694406,25.86415060591155,3.322452264901847
1272,ULTRACEMCO,Mar 2022,52599,41084,11514.0,22.0,669,945,2715,8524,14.0,7334,254.0,15.0,13.94323085990228,21.890150002851765,1.79661210289169
1273,ULTRACEMCO,Mar 2023,63240,52620,10620.0,17.0,507,823,2888,7416,32.0,5073,175.0,22.0,8.021821631878558,16.793168880455408,1.301391524351676
1274,ULTRACEMCO,Mar 2024,70908,57940,12969.0,18.0,567,968,3145,9422,26.0,7004,243.0,29.0,9.877587860326056,18.28989676764258,1.365149207423704
1275,ULTRACEMCO,TTM,71317,59261,12056.0,17.0,739,1216,3478,8101,,6252,216.0,,8.766493262475986,16.904805305887795,1.705063308888484
1276,UNIONBANK,Mar 2013,25169,7268,325.0,1.0,2868,17575,156,3037,30.0,2146,36.0,22.0,8.52636179427073,1.2912710079860146,69.82796297032064
1277,UNIONBANK,Mar 2014,29394,8829,-902.0,-3.0,3141,21467,198,2040,18.0,1687,27.0,15.0,5.739266516976254,-3.0686534666938834,73.03191127440975
1278,UNIONBANK,Mar 2015,32164,9498,-973.0,-3.0,3957,23640,225,2759,36.0,1771,28.0,22.0,5.506155950752394,-3.025121253575426,73.49832110434026
1279,UNIONBANK,Mar 2016,32316,10349,-1928.0,-6.0,3934,23894,249,1758,24.0,1347,20.0,10.0,4.168213887857409,-5.966084911498948,73.93860626315139
1280,UNIONBANK,Mar 2017,32817,13871,-4830.0,-15.0,5430,23771,241,359,-58.0,573,8.0,0.0,1.7460462565133925,-14.717981533961058,72.43501843556693
1281,UNIONBANK,Mar 2018,32952,21181,-11700.0,-36.0,5462,23471,368,-6607,-21.0,-5212,-45.0,0.0,-15.816945860645786,-35.506190823015295,71.22784656470017
1282,UNIONBANK,Mar 2019,34314,19019,-8601.0,-25.0,5042,23896,374,-3933,-25.0,-2922,-17.0,0.0,-8.515474733344991,-25.065570904004197,69.63921431485691
1283,UNIONBANK,Mar 2020,37479,21166,-9523.0,-25.0,5789,25837,417,-4151,-27.0,-3121,-9.0,0.0,-8.327329971450679,-25.408895648229674,68.93727153872835
1284,UNIONBANK,Mar 2021,69311,36270,-11071.0,-16.0,14307,44112,908,2327,-22.0,2863,4.0,0.0,4.130657471397036,-15.97293358918498,63.643577498521154
1285,UNIONBANK,Mar 2022,68230,32264,-4213.0,-6.0,13524,40178,745,8566,39.0,5265,8.0,25.0,7.71654697347208,-6.174703209731789,58.886120474864434
1286,UNIONBANK,Mar 2023,81163,36155,-3024.0,-4.0,15915,48033,745,12147,31.0,8512,12.0,24.0,10.48753742468859,-3.725835664034104,59.18090755639886
1287,UNIONBANK,Mar 2024,100376,32422,4590.0,5.0,17813,63364,895,21508,36.0,13797,18.0,20.0,13.745317605802185,4.572806248505619,63.12664381923966
1288,UNIONBANK,TTM,107058,35514,2090.0,2.0,20440,69454,0,22530,,16344,21.0,,15.266491060920249,1.9522128192194885,64.8751144239571
1289,UNITDSPR,Mar 2013,10378,9287,1091.0,11.0,146,985,178,73,99.0,-105,-2.0,-31.0,-1.0117556369242628,10.512622856041627,9.491231451146657
1290,UNITDSPR,Mar 2014,10508,13876,-3368.0,-32.0,681,1323,203,-4213,7.0,-4489,-62.0,0.0,-42.719832508564906,-32.0517700799391,12.59040730871717
1291,UNITDSPR,Mar 2015,9254,9619,-366.0,-4.0,-360,687,223,-1635,3.0,-1687,-23.0,0.0,-18.22995461422088,-3.9550464663929112,7.423816727901449
1292,UNITDSPR,Mar 2016,8495,8162,333.0,4.0,648,457,157,366,61.0,143,2.0,0.0,1.683343143025309,3.9199529134785167,5.379635079458505
1293,UNITDSPR,Mar 2017,8818,7826,991.0,11.0,-265,375,189,163,43.0,93,1.0,0.0,1.0546609208437288,11.2383760489907,4.252665003402132
1294,UNITDSPR,Mar 2018,8591,7381,1209.0,14.0,172,278,192,912,28.0,652,9.0,0.0,7.58933767896636,14.072866953788848,3.2359445931789086
1295,UNITDSPR,Mar 2019,9341,7947,1394.0,15.0,70,237,215,1012,32.0,684,10.0,0.0,7.322556471469864,14.923455732790922,2.5372015844128035
1296,UNITDSPR,Mar 2020,9325,7756,1569.0,17.0,89,212,285,1160,47.0,621,9.0,0.0,6.659517426273459,16.82573726541555,2.2734584450402147
1297,UNITDSPR,Mar 2021,8131,7080,1051.0,13.0,-25,188,299,540,33.0,362,5.0,0.0,4.452096913048825,12.925839380150043,2.312138728323699
1298,UNITDSPR,Mar 2022,9712,8117,1595.0,16.0,-117,88,304,1087,25.0,811,11.0,0.0,8.350494233937397,16.42298187808896,0.9060955518945634
1299,UNITDSPR,Mar 2023,10612,9195,1417.0,13.0,249,104,283,1279,12.0,1126,16.0,0.0,10.610629476064833,13.352808141726346,0.980022615906521
1300,UNITDSPR,Mar 2024,11321,9321,2000.0,18.0,208,76,275,1857,24.0,1408,19.0,46.0,12.437063863616288,17.66628389718223,0.6713187880929247
1301,UNITDSPR,TTM,11821,9710,2111.0,18.0,176,96,286,1905,,1402,19.0,,11.860248709923018,17.858049234413333,0.8121140343456561
1302,VBL,Dec 2012,1800,1572,228.0,13.0,44,116,136,21,-20.0,25,2.0,0.0,1.3888888888888888,12.666666666666668,6.444444444444445
1303,VBL,Dec 2013,2115,1824,291.0,14.0,19,171,184,-46,-11.0,-40,0.0,0.0,-1.8912529550827424,13.75886524822695,8.085106382978724
1304,VBL,Dec 2014,2502,2116,387.0,15.0,14,187,210,4,99.0,-20,0.0,0.0,-0.7993605115907274,15.467625899280577,7.474020783373302
1305,VBL,Dec 2015,3394,2752,642.0,19.0,36,170,317,191,41.0,113,1.0,0.0,3.3294048320565706,18.915733647613436,5.008839127872716
1306,VBL,Dec 2016,3861,3052,810.0,21.0,27,435,322,79,39.0,48,0.0,0.0,1.2432012432012431,20.97902097902098,11.266511266511268
1307,VBL,Dec 2017,4004,3165,838.0,21.0,14,215,347,291,26.0,214,1.0,22.0,5.344655344655345,20.929070929070928,5.36963036963037
1308,VBL,Dec 2018,5105,4069,1036.0,20.0,6,223,385,434,31.0,300,1.0,16.0,5.8765915768854065,20.293829578844267,4.368266405484819
1309,VBL,Dec 2019,7130,5667,1462.0,21.0,47,324,489,696,32.0,472,1.0,15.0,6.6199158485273495,20.50490883590463,4.544179523141655
1310,VBL,Dec 2020,6450,5235,1215.0,19.0,-30,294,529,363,1.0,357,1.0,22.0,5.534883720930233,18.83720930232558,4.55813953488372
1311,VBL,Dec 2021,8823,7129,1694.0,19.0,51,207,531,1007,26.0,746,2.0,16.0,8.455173977105293,19.199818655786014,2.346140768446107
1312,VBL,Dec 2022,13173,10310,2863.0,22.0,-18,204,617,2024,23.0,1550,5.0,15.0,11.766492067106961,21.733849540727245,1.5486221817353678
1313,VBL,Dec 2023,16043,12326,3717.0,23.0,-5,292,681,2739,23.0,2102,6.0,16.0,13.102287602069437,23.16898335722745,1.8201084585177336
1314,VBL,TTM,18987,14438,4549.0,24.0,86,415,853,3367,,2582,8.0,,13.598778111339339,23.95849791962922,2.1857060093748353
1315,VEDL,Mar 2013,2749,2283,465.0,17.0,33,475,197,-174,-25.0,2280,26.0,0.0,82.93925063659513,16.915241906147692,17.279010549290653
1316,VEDL,Mar 2014,66152,46557,19595.0,30.0,1874,5094,6882,9493,-9.0,11421,21.0,15.0,17.2647841335107,29.62117547466441,7.700447454347563
1317,VEDL,Mar 2015,73710,51595,22114.0,30.0,-19222,5659,7159,-9925,15.0,-11369,-53.0,-8.0,-15.423958757292091,30.001356668023334,7.677384344051011
1318,VEDL,Mar 2016,64262,82741,-18479.0,-29.0,4290,5778,8572,-28540,-37.0,-17862,-41.0,-8.0,-27.795586816470074,-28.755718776259688,8.991316796862844
1319,VEDL,Mar 2017,72225,50849,21376.0,30.0,4423,5855,6292,13652,17.0,11316,23.0,83.0,15.667705088265835,29.596400138456215,8.106611284181378
1320,VEDL,Mar 2018,91866,66989,24877.0,27.0,6087,5112,6283,19569,30.0,13692,28.0,76.0,14.904317157599111,27.07965950406026,5.564626738945856
1321,VEDL,Mar 2019,92048,68877,23171.0,25.0,4270,5689,8192,13560,28.0,9698,19.0,99.0,10.535807404832262,25.17273596384495,6.180471058578133
1322,VEDL,Mar 2020,84447,63704,20743.0,25.0,-14932,4977,9093,-8259,-43.0,-4744,-18.0,-22.0,-5.617724726751691,24.563335583265243,5.893637429393584
1323,VEDL,Mar 2021,88021,60703,27318.0,31.0,2743,5210,7638,17213,13.0,15032,31.0,30.0,17.07774281137456,31.035775553561084,5.91904204678429
1324,VEDL,Mar 2022,132732,87908,44824.0,34.0,1832,4797,8895,32964,28.0,23710,51.0,89.0,17.863062411475756,33.77030407136184,3.6140493626254404
1325,VEDL,Mar 2023,147308,112877,34431.0,23.0,2625,6225,10555,20276,28.0,14503,28.0,357.0,9.845358025361826,23.3734759822956,4.225839737149374
1326,VEDL,Mar 2024,143727,108415,35312.0,25.0,5239,9465,10723,20363,63.0,7539,11.0,259.0,5.245360996889937,24.568800573309122,6.585401490325409
1327,VEDL,TTM,144448,107376,37072.0,26.0,5266,9721,10958,21659,,15841,30.0,,10.966576207354896,25.664599025254763,6.7297574213557825
1328,WIPRO,Mar 2013,37430,29773,7657.0,20.0,1440,289,940,7869,21.0,6182,5.0,28.0,16.516163505209725,20.456852791878173,0.7721079348116484
1329,WIPRO,Mar 2014,43424,33788,9635.0,22.0,1922,383,1060,10114,21.0,7991,6.0,25.0,18.40226602800295,22.18819086219602,0.8820007369196757
1330,WIPRO,Mar 2015,46951,36652,10299.0,22.0,2450,350,1175,11224,22.0,8714,7.0,34.0,18.559775084662732,21.935635023748162,0.7454580307128709
1331,WIPRO,Mar 2016,51244,40448,10796.0,21.0,2752,558,1496,11494,22.0,8957,7.0,17.0,17.47911950667395,21.06783233159004,1.0889079697135273
1332,WIPRO,Mar 2017,55448,44128,11321.0,20.0,2623,594,2310,11039,23.0,8518,7.0,6.0,15.362141105179628,20.41732794690521,1.0712739864377434
1333,WIPRO,Mar 2018,54487,44100,10387.0,19.0,2550,583,2112,10242,22.0,8003,7.0,6.0,14.687907207223741,19.06326279663039,1.0699799952282196
1334,WIPRO,Mar 2019,59019,47406,11613.0,20.0,2614,738,1947,11542,22.0,9018,7.0,7.0,15.27982514105627,19.6767142784527,1.250444772022569
1335,WIPRO,Mar 2020,61138,48795,12342.0,20.0,2728,733,2086,12252,20.0,9772,9.0,6.0,15.983512708953516,20.18711766822598,1.198927017566816
1336,WIPRO,Mar 2021,61935,47164,14771.0,24.0,2404,509,2763,13903,22.0,10868,10.0,5.0,17.547428755953824,23.849196738516188,0.8218293372083636
1337,WIPRO,Mar 2022,79312,62628,16684.0,21.0,2067,532,3078,15141,19.0,12243,11.0,27.0,15.436503933830947,21.03590881581602,0.6707686100463991
1338,WIPRO,Mar 2023,90488,73649,16839.0,19.0,2275,1008,3340,14766,23.0,11366,10.0,5.0,12.560781540093712,18.609097338873664,1.11395986208116
1339,WIPRO,Mar 2024,89760,73008,16752.0,19.0,2631,1255,3407,14721,25.0,11112,11.0,5.0,12.379679144385026,18.663101604278076,1.3981729055258467
1340,WIPRO,TTM,88792,71019,17773.0,20.0,3349,1431,3077,16615,,12488,12.0,,14.064330119830615,20.01644292278584,1.6116316785295972
1341,ZOMATO,Mar 2018,466,558,-92.0,-20.0,21,6,29,-107,0.0,-107,-3070.0,0.0,-22.96137339055794,-19.742489270386265,1.2875536480686696
1342,ZOMATO,Mar 2019,1313,3556,-2243.0,-171.0,1285,9,43,-1010,0.0,-1010,-28574.0,0.0,-76.92307692307693,-170.83015993907082,0.6854531607006854
1343,ZOMATO,Mar 2020,2605,4909,-2305.0,-88.0,16,13,84,-2386,0.0,-2386,-70097.0,0.0,-91.59309021113243,-88.48368522072937,0.4990403071017275
1344,ZOMATO,Mar 2021,1994,2461,-467.0,-23.0,-200,10,138,-815,0.0,-816,-23124.0,0.0,-40.92276830491474,-23.42026078234704,0.5015045135406219
1345,ZOMATO,Mar 2022,4192,6043,-1851.0,-44.0,793,12,150,-1220,0.0,-1222,-2.0,0.0,-29.150763358778626,-44.155534351145036,0.2862595419847328
1346,ZOMATO,Mar 2023,7079,8290,-1211.0,-17.0,682,49,437,-1015,-4.0,-971,-1.0,0.0,-13.7166266421811,-17.106936007910722,0.692188162169798
1347,ZOMATO,Mar 2024,12114,12071,43.0,0.0,846,72,526,291,-21.0,351,0.0,0.0,2.8974739970282317,0.3549612019151395,0.5943536404160475
1348,ZOMATO,TTM,17972,17321,651.0,4.0,944,118,716,761,,663,1.0,,3.689071889606054,3.6223013576674825,0.6565768973959493
1349,ZYDUSLIFE,Mar 2013,6358,5228,1130.0,18.0,32,169,185,809,15.0,690,6.0,24.0,10.85246932997798,17.772884554891473,2.6580685750235924
1350,ZYDUSLIFE,Mar 2014,7224,6021,1203.0,17.0,30,90,201,942,11.0,836,8.0,23.0,11.572535991140642,16.65282392026578,1.2458471760797343
1351,ZYDUSLIFE,Mar 2015,8651,6896,1756.0,20.0,45,68,287,1446,18.0,1188,11.0,21.0,13.732516472084152,20.298231418333142,0.7860362963819211
1352,ZYDUSLIFE,Mar 2016,9427,7095,2332.0,25.0,112,53,292,2099,8.0,1964,19.0,17.0,20.83377532619073,24.73745624270712,0.5622149146069799
1353,ZYDUSLIFE,Mar 2017,9376,7474,1902.0,20.0,127,45,373,1612,8.0,1517,15.0,22.0,16.179607508532424,20.285836177474405,0.47994880546075086
1354,ZYDUSLIFE,Mar 2018,11905,9074,2831.0,24.0,111,91,539,2312,24.0,1810,17.0,20.0,15.203695926081478,23.77992440151197,0.7643847123057539
1355,ZYDUSLIFE,Mar 2019,13166,10174,2991.0,23.0,183,194,599,2382,22.0,1899,18.0,19.0,14.42351511468935,22.717605954731884,1.473492328725505
1356,ZYDUSLIFE,Mar 2020,14253,11455,2798.0,20.0,-264,342,696,1495,21.0,1204,11.0,30.0,8.447344418718867,19.63095488669052,2.399494843190907
1357,ZYDUSLIFE,Mar 2021,14404,11013,3391.0,24.0,-231,159,670,2331,8.0,2185,21.0,17.0,15.169397389613994,23.542071646764786,1.1038600388780895
1358,ZYDUSLIFE,Mar 2022,15110,11768,3342.0,22.0,2581,127,713,5084,10.0,4618,44.0,6.0,30.562541363335537,22.11780277961615,0.8405029781601588
1359,ZYDUSLIFE,Mar 2023,17237,13378,3860.0,22.0,-422,130,723,2585,23.0,2092,19.0,31.0,12.136682717410222,22.393687996751176,0.754191564657423
1360,ZYDUSLIFE,Mar 2024,19547,14163,5384.0,28.0,293,81,764,4832,20.0,3973,38.0,8.0,20.32536962193687,27.543868624341332,0.41438583925922134
1361,ZYDUSLIFE,TTM,21484,15205,6278.0,29.0,351,112,849,5668,,4439,43.0,,20.661887916589087,29.221746415937446,0.5213181902811395
1362,INDIGO,Mar 2013,9203,73,8348.0,855.0,9,296,86,993,21.0,787,25647.0,70.0,8.551559274149733,90.7095512332935,3.216342497011844
1363,INDIGO,Mar 2014,11117,123,10684.0,433.0,4,391,226,475,0.0,474,15454.0,80.0,4.263740217684627,96.10506431591257,3.517135917963479
1364,INDIGO,Mar 2015,13925,150,12022.0,1904.0,14,395,302,1847,29.0,1304,42481.0,83.0,9.364452423698385,86.33393177737881,2.836624775583483
1365,INDIGO,Mar 2016,16140,350,12976.0,3164.0,20,515,505,2824,30.0,1986,55.0,27.0,12.304832713754648,80.39653035935564,3.190830235439901
1366,INDIGO,Mar 2017,18580,406,16362.0,2219.0,12,789,457,2144,23.0,1659,46.0,74.0,8.928955866523143,88.06243272335846,4.2465016146393975
1367,INDIGO,Mar 2018,23021,413,19991.0,3030.0,13,947,437,3127,28.0,2242,58.0,10.0,9.738934016767299,86.8381043395161,4.113635376395465
1368,INDIGO,Mar 2019,28497,563,28648.0,-151.0,-1,1325,760,-149,-99.0,156,4.0,123.0,0.547426044846826,100.52988033828123,4.649612239884901
1369,INDIGO,Mar 2020,35756,1902,31687.0,4069.0,11,1531,3974,-275,-10.0,-248,-6.0,0.0,-0.69358988701197,88.62009173285603,4.281798858932766
1370,INDIGO,Mar 2021,14641,2170,14638.0,2.0,0,1036,4699,-5830,0.0,-6171,-151.0,0.0,-42.14876033057851,99.97950959633904,7.076019397582132
1371,INDIGO,Mar 2022,25931,2386,25373.0,558.0,2,725,5068,-6171,0.0,-317,-160.0,0.0,-1.2224750298870077,97.84813543635032,2.795881377501832
1372,INDIGO,Mar 2023,54446,3168,47926.0,6521.0,12,1431,5101,-317,0.0,-317,-8.0,0.0,-0.582228262865959,88.02483194357713,2.6282922528744077
1373,INDIGO,Mar 2024,68904,4805,52573.0,16331.0,24,2326,6406,8043,-2.0,8167,212.0,0.0,11.852722628584697,76.29890862649484,3.3757111343318242
1374,INDIGO,TTM,76476,0,60568.0,15908.0,21,3034,7955,6182,,6074,157.0,,7.942361002144463,79.1987028610283,3.9672577017626445
